date,supply_pep,top10_pct_all,top25_pct_all,top50_pct_all,top100_pct_all,top400_pct_all,top1000_pct_all,top10_pct_ex,top25_pct_ex,top50_pct_ex,top100_pct_ex,top400_pct_ex,top1000_pct_ex,source
2024-06-03,32589500000.0,70.3086,81.5721,89.4405,95.2554,99.5846,99.9981,33.0157,57.6456,75.2008,88.6139,98.9766,99.9953,reconstructed
2024-06-04,33263500000.0,70.355,81.3902,89.2704,95.2432,99.6505,99.9983,33.0623,57.167,74.8058,88.6163,99.1418,99.9957,reconstructed-daily
2024-06-05,33930000000.0,70.5568,81.4058,89.2723,95.2431,99.6756,99.9983,33.0059,57.052,74.6696,88.5589,99.1991,99.9958,reconstructed-daily
2024-06-06,34606500000.0,71.1614,81.7984,89.3203,95.1262,99.6027,99.9979,33.0279,57.0928,74.2121,88.0313,98.9964,99.9946,reconstructed-daily
2024-06-07,35279500000.0,72.8441,82.7733,89.7741,95.3012,99.6684,99.9983,35.8242,58.2676,74.7874,88.2344,99.1474,99.9957,reconstructed-daily
2024-06-08,35949500000.0,71.1063,80.9015,89.2294,95.0836,99.6365,99.9981,35.0024,56.7179,74.8965,88.3461,99.1177,99.9954,reconstructed-daily
2024-06-09,36625500000.0,71.7652,81.3795,89.3819,95.1652,99.6349,99.9981,35.1354,56.7987,74.7461,88.2969,99.0937,99.9953,reconstructed-daily
2024-06-10,37292500000.0,72.1287,81.8868,89.5124,95.1659,99.6346,99.998,35.7609,57.9214,74.9424,88.2559,99.0914,99.9949,reconstructed
2024-06-11,37961500000.0,72.3045,81.9673,89.4651,95.1882,99.6669,99.9982,35.5403,57.6951,74.5801,88.214,99.1665,99.9955,reconstructed-daily
2024-06-12,38632500000.0,73.2372,82.5092,89.7461,95.3993,99.6607,99.9981,34.3414,56.5859,73.9293,88.1255,99.1027,99.995,reconstructed-daily
2024-06-13,39294500000.0,73.0321,82.2902,89.7789,95.4309,99.6419,99.9979,33.7835,56.2416,74.2471,88.22,99.0535,99.9943,reconstructed-daily
2024-06-14,39972000000.0,72.4641,82.2834,90.0911,95.6766,99.6766,99.9981,33.514,57.1715,75.6233,89.0621,99.161,99.995,reconstructed-daily
2024-06-15,40653000000.0,72.4241,82.1973,89.956,95.581,99.6742,99.998,33.6164,56.9896,75.3012,88.8431,99.1575,99.9949,reconstructed-daily
2024-06-16,41332000000.0,72.507,82.2044,89.8607,95.7178,99.7065,99.9984,33.3363,56.6875,74.9262,89.1411,99.2385,99.9959,reconstructed-daily
2024-06-17,42006000000.0,72.6581,82.2078,89.7574,95.5547,99.6589,99.998,33.5937,56.5932,74.5996,88.6911,99.1134,99.9947,reconstructed
2024-06-18,42676000000.0,71.2362,81.1098,89.0845,95.3103,99.6435,99.9979,34.8704,57.0425,74.7941,88.8809,99.1374,99.9948,reconstructed-daily
2024-06-19,43354000000.0,70.8048,80.6882,88.539,94.9306,99.6079,99.9976,34.5292,56.4867,73.7664,88.0955,99.0619,99.9942,reconstructed-daily
2024-06-20,44022500000.0,70.8108,80.5441,88.3788,94.8081,99.6057,99.9975,34.3728,56.0251,73.3171,87.7828,99.0551,99.9941,reconstructed-daily
2024-06-21,44684500000.0,70.6374,80.2265,88.2172,94.7001,99.6027,99.9976,33.836,55.1849,72.8869,87.5216,99.0478,99.9943,reconstructed-daily
2024-06-22,45361500000.0,70.6127,80.3065,88.1785,94.6803,99.6036,99.9977,33.7349,55.2332,72.7098,87.4577,99.0507,99.9945,reconstructed-daily
2024-06-23,46041500000.0,70.3803,80.0018,87.9142,94.5663,99.6063,99.9978,33.2991,54.5845,72.1298,87.2321,99.0616,99.9947,reconstructed-daily
2024-06-24,46730000000.0,70.6341,80.039,87.8353,94.6138,99.5912,99.9977,33.6272,54.5407,71.8611,87.317,99.0227,99.9944,reconstructed
2024-06-25,47407500000.0,70.7767,80.0683,87.7748,94.6243,99.5872,99.9976,33.4126,54.2309,71.4828,87.2569,99.006,99.9941,reconstructed-daily
2024-06-26,48080000000.0,70.8836,80.3212,87.9206,94.6987,99.603,99.9977,33.8292,54.6786,71.7392,87.4071,99.0417,99.9945,reconstructed-daily
2024-06-27,48754500000.0,71.1804,80.4908,87.9854,94.6702,99.5678,99.9974,34.3867,54.9805,71.8329,87.3099,98.9538,99.9936,reconstructed-daily
2024-06-28,49416000000.0,71.5318,80.7176,88.151,94.7769,99.597,99.9976,34.4103,54.9697,71.8918,87.4099,99.0141,99.9942,reconstructed-daily
2024-06-29,50049500000.0,71.5514,80.6277,87.9675,94.5381,99.6589,99.9977,34.5596,54.8227,71.4883,86.901,99.1715,99.9942,reconstructed-daily
2024-06-30,50393000000.0,71.5872,80.6017,87.9022,94.4396,99.6414,99.9973,34.8352,54.8914,71.4134,86.7029,99.1312,99.9934,reconstructed-daily
2024-07-01,50740250000.0,71.0799,80.1417,87.735,94.3689,99.6629,99.9978,34.2427,54.4719,71.296,86.6717,99.1935,99.9947,reconstructed
2024-07-02,51078250000.0,71.1403,80.1421,87.675,94.3525,99.642,99.9973,34.6624,54.6639,71.2735,86.6988,99.1468,99.9935,reconstructed-daily
2024-07-03,51405500000.0,71.0959,80.0449,87.5305,94.2654,99.6422,99.9975,34.5186,54.4042,70.9102,86.5053,99.1473,99.9941,reconstructed-daily
2024-07-04,51748250000.0,71.1893,80.2475,87.5123,94.2398,99.635,99.9973,34.9705,55.0571,70.9715,86.4928,99.1338,99.9936,reconstructed-daily
2024-07-05,52091500000.0,71.1821,80.1806,87.4653,94.2302,99.6371,99.9971,34.8557,54.8292,70.8196,86.4597,99.1373,99.993,reconstructed-daily
2024-07-06,52421000000.0,71.3648,80.3068,87.6596,94.3255,99.6413,99.9973,34.7018,54.7236,71.0333,86.5722,99.1399,99.9936,reconstructed-daily
2024-07-07,52762250000.0,71.5156,80.3997,87.7053,94.3637,99.646,99.9977,34.7488,54.7301,71.0075,86.6031,99.1482,99.9945,reconstructed-daily
2024-07-08,53096250000.0,71.4545,80.2828,87.713,94.467,99.6266,99.9967,34.6747,54.4971,71.0677,86.8703,99.1013,99.9921,reconstructed
2024-07-09,53434500000.0,71.6948,80.4904,87.9573,94.5826,99.6397,99.9968,34.7845,54.7091,71.4646,87.0556,99.1269,99.9922,reconstructed-daily
2024-07-10,53776500000.0,71.2433,79.983,87.5767,94.3261,99.6294,99.997,34.5298,54.0592,70.9096,86.6172,99.1152,99.9927,reconstructed-daily
2024-07-11,54110000000.0,70.9942,79.68,87.2974,94.2326,99.6283,99.9973,34.3437,53.6189,70.4363,86.4921,99.1189,99.9937,reconstructed-daily
2024-07-12,54450000000.0,71.103,79.7346,87.3196,94.2592,99.6201,99.9969,34.3405,53.5648,70.3952,86.5048,99.0956,99.9926,reconstructed-daily
2024-07-13,54790250000.0,70.7119,79.3633,87.043,94.1272,99.5938,99.9965,33.8821,53.0138,70.0047,86.2904,99.039,99.9918,reconstructed-daily
2024-07-14,55121500000.0,70.9064,79.5059,87.183,94.141,99.5981,99.9968,33.9516,53.0763,70.1694,86.243,99.044,99.9924,reconstructed-daily
2024-07-15,55459000000.0,70.8333,79.3805,87.1557,94.0831,99.5806,99.9963,33.9182,52.9129,70.174,86.1352,99.0038,99.9912,reconstructed
2024-07-16,55793000000.0,70.8171,79.3131,87.1577,94.0869,99.5906,99.9966,33.801,52.6965,70.201,86.1313,99.0277,99.9918,reconstructed-daily
2024-07-17,56125500000.0,70.9037,79.3493,87.1842,94.1031,99.6143,99.9976,34.1438,52.8822,70.3415,86.2013,99.0885,99.9943,reconstructed-daily
2024-07-18,56457250000.0,70.9844,79.4253,87.2236,94.1097,99.6084,99.9972,34.1849,52.9586,70.3777,86.1876,99.0715,99.9934,reconstructed-daily
2024-07-19,56793000000.0,70.998,79.389,87.1412,94.0335,99.6122,99.9974,34.5492,53.1099,70.3371,86.0943,99.0868,99.9937,reconstructed-daily
2024-07-20,57132250000.0,71.0989,79.4401,87.2516,94.1047,99.5963,99.9969,34.9278,53.3324,70.6715,86.2976,99.0508,99.9925,reconstructed-daily
2024-07-21,57474000000.0,70.9301,79.2217,87.1086,94.0068,99.5913,99.9971,35.0092,53.312,70.5574,86.1947,99.0466,99.9931,reconstructed-daily
2024-07-22,57810500000.0,71.0412,79.2846,87.1741,94.0438,99.6058,99.9976,34.9995,53.2657,70.5965,86.2331,99.0779,99.9943,reconstructed
2024-07-23,58150750000.0,70.7884,79.2484,87.2183,94.0501,99.5877,99.9969,34.8189,53.5246,70.8526,86.3179,99.0399,99.9926,reconstructed-daily
2024-07-24,58488000000.0,70.6651,79.1843,87.1535,94.074,99.6174,99.9976,34.6417,53.5219,70.7848,86.407,99.1119,99.9945,reconstructed-daily
2024-07-25,58825750000.0,70.4887,79.01,86.9334,93.9229,99.5981,99.9972,35.171,53.7841,70.6962,86.2564,99.0803,99.9935,reconstructed-daily
2024-07-26,59169000000.0,70.4248,78.9524,86.8309,93.7915,99.5818,99.9965,35.4793,53.9764,70.6681,86.0586,99.0491,99.992,reconstructed-daily
2024-07-27,59507000000.0,70.1729,78.652,86.6385,93.7469,99.576,99.9964,35.1864,53.488,70.384,86.0408,99.0408,99.9918,reconstructed-daily
2024-07-28,59844000000.0,70.1996,78.5876,86.5291,93.609,99.5586,99.9962,35.1546,53.2717,70.0933,85.7024,99.0002,99.9913,reconstructed-daily
2024-07-29,60178000000.0,69.737,78.0784,86.1292,93.467,99.5445,99.9954,34.6513,52.505,69.4876,85.5343,98.977,99.9895,reconstructed
2024-07-30,60514500000.0,70.0232,78.3183,86.3386,93.5247,99.5512,99.9959,34.8454,52.7208,69.76,85.5515,98.9855,99.9906,reconstructed-daily
2024-07-31,60854500000.0,70.0636,78.3123,86.2878,93.4283,99.5619,99.9966,34.8004,52.6071,69.5837,85.2993,99.0093,99.9921,reconstructed-daily
2024-08-01,61194500000.0,69.9556,78.1932,86.268,93.4221,99.5609,99.9965,34.6476,52.403,69.6008,85.3256,99.0088,99.9921,reconstructed-daily
2024-08-02,61533250000.0,69.6558,77.8887,86.0964,93.3785,99.5496,99.9965,34.3737,52.0079,69.4738,85.3329,98.9898,99.9921,reconstructed-daily
2024-08-03,61873000000.0,69.6973,77.885,86.1129,93.3571,99.5456,99.996,34.3111,51.9383,69.4435,85.259,98.9781,99.9909,reconstructed-daily
2024-08-04,62207750000.0,69.6282,77.7718,86.0359,93.2424,99.5433,99.9962,34.1944,51.7094,69.2908,85.0072,98.9746,99.9914,reconstructed-daily
2024-08-05,62544750000.0,69.3975,77.6903,85.9265,93.1068,99.5227,99.9952,34.0106,51.7653,69.1743,84.7621,98.9326,99.9893,reconstructed
2024-08-06,62882000000.0,69.425,77.6734,85.8654,93.0572,99.53,99.9959,33.9559,51.6409,68.9837,84.6233,98.9485,99.9908,reconstructed-daily
2024-08-07,63219250000.0,69.3745,77.5789,85.7288,93.0249,99.5261,99.9963,33.8253,51.4138,68.7059,84.5558,98.9408,99.9916,reconstructed-daily
2024-08-08,63560500000.0,69.3988,77.5591,85.7046,93.0493,99.5309,99.9961,33.7612,51.281,68.5961,84.5862,98.9487,99.9911,reconstructed-daily
2024-08-09,63896000000.0,69.4165,77.6513,85.754,93.0616,99.5217,99.9958,33.729,51.4405,68.678,84.5996,98.9281,99.9904,reconstructed-daily
2024-08-10,64239750000.0,69.502,77.724,85.7833,93.1097,99.5125,99.9949,33.7229,51.4598,68.6519,84.6654,98.9036,99.9885,reconstructed-daily
2024-08-11,64576250000.0,69.1134,77.3576,85.4948,92.9069,99.504,99.9945,33.3,51.0845,68.2145,84.3706,98.8932,99.9878,reconstructed-daily
2024-08-12,64914750000.0,68.8728,77.074,85.317,92.9517,99.5195,99.9957,33.0873,50.6845,68.1241,84.5905,98.9341,99.9904,reconstructed
2024-08-13,65258750000.0,68.5349,76.6928,84.9828,92.8397,99.4913,99.9958,32.7434,50.1321,67.6649,84.4678,98.8788,99.9907,reconstructed-daily
2024-08-14,65598500000.0,67.9099,76.0666,84.4248,92.1961,99.4251,99.9943,32.1814,49.4696,66.8203,83.2231,98.7471,99.9877,reconstructed-daily
2024-08-15,65940250000.0,67.9734,76.047,84.3129,92.0904,99.3885,99.9906,32.1517,49.1798,66.5467,82.9454,98.6635,99.9798,reconstructed-daily
2024-08-16,66282250000.0,67.8743,75.9063,84.025,91.8808,99.3693,99.9929,32.0212,48.9336,65.9056,82.5148,98.6247,99.9846,reconstructed-daily
2024-08-17,66627000000.0,67.9539,75.9443,84.0265,91.7651,99.3513,99.9946,31.9876,48.8601,65.7879,82.2022,98.5821,99.9881,reconstructed-daily
2024-08-18,66959750000.0,67.3912,75.3419,83.5519,91.5103,99.3018,99.9847,31.5315,48.1202,65.2002,81.8705,98.49,99.9671,reconstructed-daily
2024-08-19,67304000000.0,67.3031,75.2194,83.3873,91.3315,99.2985,99.9896,31.3771,47.8803,64.858,81.4885,98.4844,99.9777,reconstructed
2024-08-20,67643250000.0,67.1858,75.0709,83.1979,91.1033,99.2833,99.9829,31.2443,47.6488,64.5056,81.0201,98.4548,99.9636,reconstructed-daily
2024-08-21,67981750000.0,66.7166,74.6285,82.8033,90.9607,99.2648,99.9846,30.8738,47.181,64.0397,80.8948,98.43,99.9673,reconstructed-daily
2024-08-22,68323000000.0,65.8091,73.6815,81.9952,90.4702,99.2114,99.9822,30.2182,46.165,63.0331,80.2047,98.347,99.9631,reconstructed-daily
2024-08-23,68665500000.0,66.8151,74.6406,82.5979,90.5602,99.1882,99.9713,30.7927,46.917,63.403,79.9366,98.2577,99.9393,reconstructed-daily
2024-08-24,69004000000.0,66.8402,74.6279,82.5537,90.489,99.1817,99.9783,30.7353,46.8036,63.2471,79.7492,98.2425,99.954,reconstructed-daily
2024-08-25,69343000000.0,66.881,74.6727,82.5598,90.4685,99.2037,99.9922,30.7075,46.7979,63.1887,79.6658,98.2881,99.9832,reconstructed-daily
2024-08-26,69674250000.0,66.2172,74.0768,82.1013,90.1625,99.1544,99.9888,30.2365,46.305,62.7021,79.2778,98.2048,99.9765,reconstructed
2024-08-27,70017500000.0,66.2386,74.2641,82.2493,90.2716,99.1679,99.9909,30.457,46.7193,63.0299,79.5194,98.2342,99.9809,reconstructed-daily
2024-08-28,70350750000.0,65.8522,73.9217,81.9442,90.0819,99.1109,99.9904,30.1482,46.3164,62.6376,79.2414,98.1245,99.98,reconstructed-daily
2024-08-29,70688750000.0,65.7859,73.8168,81.8314,89.9655,99.0763,99.9879,30.0118,46.097,62.4374,79.0024,98.0518,99.9749,reconstructed-daily
2024-08-30,71028500000.0,65.74,73.7504,81.7301,89.9583,99.1102,99.9927,31.2606,46.9948,62.9873,79.3934,98.1609,99.9849,reconstructed-daily
2024-08-31,71369750000.0,65.944,73.9572,81.8136,89.9256,99.0876,99.9898,31.7302,47.4632,63.1196,79.3381,98.1148,99.9792,reconstructed-daily
2024-09-01,71711000000.0,65.71,73.6851,81.5041,89.5817,99.0152,99.985,31.4243,47.0355,62.5706,78.6723,97.9689,99.9694,reconstructed-daily
2024-09-02,72056000000.0,65.4427,73.4401,81.2217,89.4602,99.0192,99.9934,31.315,46.8009,62.2193,78.5488,97.9882,99.9867,reconstructed
2024-09-03,72401500000.0,65.379,73.4343,81.1787,89.4537,98.9763,99.9849,31.1917,46.7905,62.1314,78.5592,97.8991,99.9694,reconstructed-daily
2024-09-04,72739750000.0,65.2341,73.2519,80.9603,89.1944,98.9084,99.9732,30.9986,46.4961,61.7375,78.0536,97.7635,99.946,reconstructed-daily
2024-09-05,73083500000.0,65.0749,73.055,80.7272,88.9209,98.8432,99.9569,30.8236,46.2093,61.3406,77.5497,97.6341,99.9123,reconstructed-daily
2024-09-06,73427000000.0,64.4776,72.4203,80.0445,88.3881,98.7497,99.9254,30.3185,45.4674,60.3255,76.7327,97.4678,99.8482,reconstructed-daily
2024-09-07,73766500000.0,64.4846,72.3908,79.9799,88.29,98.6817,99.9048,30.1377,45.2555,60.0832,76.4667,97.3256,99.8051,reconstructed-daily
2024-09-08,74111000000.0,64.6008,72.4702,80.024,88.3057,98.6744,99.9101,30.1045,45.2075,60.0206,76.4093,97.3018,99.8155,reconstructed-daily
2024-09-09,74449250000.0,64.0607,72.2255,79.9069,88.1923,98.5809,99.8855,29.6641,45.3142,60.1961,76.4047,97.1376,99.7667,reconstructed
2024-09-10,74794250000.0,63.8587,72.0199,79.6658,88.0406,98.5592,99.88,29.4724,45.0446,59.8218,76.184,97.1027,99.756,reconstructed-daily
2024-09-11,75064125000.0,63.208,71.3597,78.9782,87.3935,98.4558,99.8919,28.1659,43.7121,58.4285,74.892,96.8946,99.7805,reconstructed-daily
2024-09-12,75233750000.0,62.8332,71.0217,78.7764,87.1905,98.44,99.8935,27.9097,43.5101,58.3405,74.6709,96.8861,99.7853,reconstructed-daily
2024-09-13,75407375000.0,62.6272,70.7968,78.5618,87.0404,98.4145,99.9101,26.7258,42.4527,57.5293,74.0965,96.8043,99.8172,reconstructed-daily
2024-09-14,75575375000.0,62.7376,70.7309,78.4787,86.939,98.3909,99.9086,26.7098,42.1322,57.2221,73.805,96.7472,99.8136,reconstructed-daily
2024-09-15,75745625000.0,63.0364,71.0198,78.6303,86.9428,98.406,99.9916,26.9446,42.3328,57.2714,73.6739,96.7674,99.9832,reconstructed-daily
2024-09-16,75911375000.0,62.8885,70.8771,78.471,86.766,98.3368,99.9895,26.822,42.1833,57.0504,73.3756,96.6354,99.979,reconstructed
2024-09-17,76081125000.0,62.6901,70.6608,78.2378,86.5151,98.2538,99.9881,26.676,41.9464,56.7254,72.9557,96.4819,99.9762,reconstructed-daily
2024-09-18,76249750000.0,62.6686,70.6217,78.1819,86.4415,98.2336,99.9864,26.6092,41.8488,56.5982,72.797,96.441,99.9728,reconstructed-daily
2024-09-19,76420250000.0,62.5193,70.4547,77.9981,86.2982,98.2143,99.9841,26.4385,41.6143,56.3019,72.5738,96.4081,99.9684,reconstructed-daily
2024-09-20,76589625000.0,61.9886,70.1717,77.6984,86.0004,98.1795,99.983,26.3429,41.7116,56.1966,72.3103,96.3802,99.9665,reconstructed-daily
2024-09-21,76760875000.0,62.0957,70.2606,77.7704,86.0511,98.1779,99.9827,26.3351,41.7149,56.2104,72.3298,96.366,99.9658,reconstructed-daily
2024-09-22,76931000000.0,61.7817,69.9286,77.4219,85.6774,98.0806,99.9882,26.1291,41.3836,55.7612,71.7356,96.1904,99.9768,reconstructed-daily
2024-09-23,77100125000.0,61.3859,69.5149,76.9948,85.353,97.9168,99.987,25.879,40.986,55.266,71.3055,95.8895,99.9746,reconstructed
2024-09-24,77270500000.0,61.3573,69.4431,76.9465,85.2865,97.8921,99.9853,25.6884,40.7772,55.1206,71.141,95.8355,99.9713,reconstructed-daily
2024-09-25,77440625000.0,61.2054,69.2735,76.8508,85.1824,97.8519,99.9833,25.5706,40.6542,55.0427,71.0061,95.7655,99.9674,reconstructed-daily
2024-09-26,77608500000.0,60.7675,68.8181,76.532,85.0683,97.868,99.9825,25.2848,40.2158,54.7923,71.0317,95.831,99.9661,reconstructed-daily
2024-09-27,77775625000.0,60.7342,68.7675,76.4803,84.999,97.8457,99.9782,25.4732,40.3198,54.8448,70.994,95.8013,99.9577,reconstructed-daily
2024-09-28,77944875000.0,60.6953,68.7752,76.4973,84.9997,97.84,99.9739,25.6598,40.4456,54.9655,71.0498,95.7978,99.9492,reconstructed-daily
2024-09-29,78116250000.0,59.7075,68.1435,75.9796,84.5281,97.7603,99.9705,25.2236,40.2966,54.7587,70.6489,95.7183,99.9436,reconstructed-daily
2024-09-30,78282375000.0,59.6224,68.1563,76.0717,84.5906,97.7863,99.9639,25.3785,40.4375,55.0275,70.828,95.7774,99.9308,reconstructed
2024-10-01,78453750000.0,59.2963,67.9185,75.951,84.4502,97.7496,99.9561,26.2695,41.0804,55.6195,71.0941,95.7851,99.9173,reconstructed-daily
2024-10-02,78622375000.0,59.0452,67.6569,75.5768,84.1097,97.6747,99.9791,26.2779,40.9615,55.18,70.6348,95.6722,99.9613,reconstructed-daily
2024-10-03,78792125000.0,58.6916,67.5845,75.5975,84.1123,97.6583,99.9757,26.0653,41.2761,55.4851,70.8144,95.6673,99.9552,reconstructed-daily
2024-10-04,78961625000.0,58.3583,67.0193,74.7141,83.1277,96.922,99.9584,25.6102,40.2952,53.9159,69.0348,94.2995,99.9237,reconstructed-daily
2024-10-05,79134750000.0,58.2073,66.7765,74.4544,82.8582,96.7484,99.9504,23.9435,38.8388,52.6546,68.0065,93.8742,99.9071,reconstructed-daily
2024-10-06,79303750000.0,57.7529,66.3105,73.9725,82.423,96.7255,99.9539,23.8018,38.5261,52.184,67.482,93.8889,99.9145,reconstructed-daily
2024-10-07,79474000000.0,57.3323,65.914,73.7262,82.172,96.5412,99.9423,23.6062,38.3264,52.117,67.27,93.5938,99.894,reconstructed
2024-10-08,79641375000.0,57.3552,65.9247,73.7073,81.9199,96.4425,99.9289,23.5875,38.2892,52.0215,66.7674,93.4104,99.8689,reconstructed-daily
2024-10-09,79811375000.0,57.9861,66.2399,74.0471,82.3,96.4769,99.9139,23.815,38.0653,52.0891,67.0784,93.3895,99.8386,reconstructed-daily
2024-10-10,79980250000.0,57.8017,66.0415,73.876,82.1579,96.3412,99.9469,23.6983,37.8749,51.9238,66.9088,93.1575,99.902,reconstructed-daily
2024-10-11,80149625000.0,57.6511,65.8638,73.7963,82.147,96.1547,99.9226,23.5727,37.685,51.8963,66.967,92.8214,99.8566,reconstructed-daily
2024-10-12,80319125000.0,57.2005,65.935,74.0584,82.4359,96.2379,99.9124,23.7108,38.417,52.7937,67.7878,93.0324,99.8388,reconstructed-daily
2024-10-13,80489500000.0,56.7568,65.4596,73.5989,82.0749,96.0892,99.8938,23.4753,38.0108,52.3161,67.3675,92.8159,99.8061,reconstructed-daily
2024-10-14,80661875000.0,56.5407,65.2232,73.3986,81.9057,95.7982,99.8998,23.757,38.1279,52.3728,67.3477,92.3398,99.8207,reconstructed
2024-10-15,80832250000.0,56.1798,64.8484,73.0058,81.5372,95.731,99.8989,23.0424,37.3701,51.5989,66.6346,92.2128,99.819,reconstructed-daily
2024-10-16,81004500000.0,55.99,64.6127,72.5691,81.3019,95.7389,99.9031,22.9225,37.1201,50.9421,66.3042,92.2523,99.8271,reconstructed-daily
2024-10-17,81172500000.0,55.7088,64.1562,71.9662,80.5659,95.4593,99.8778,22.7383,36.5794,50.0609,65.1156,91.7886,99.783,reconstructed-daily
2024-10-18,81341375000.0,55.717,64.1194,71.9301,80.5471,95.395,99.8659,22.7063,36.473,49.9648,65.0607,91.6658,99.7612,reconstructed-daily
2024-10-19,81513125000.0,55.7654,64.1503,71.7834,80.3012,95.3531,99.8591,22.6293,36.3415,49.5845,64.537,91.5761,99.7482,reconstructed-daily
2024-10-20,81682250000.0,56.1275,64.4981,72.0884,80.4663,95.3845,99.859,23.1605,36.8723,50.0556,64.7808,91.6173,99.7476,reconstructed-daily
2024-10-21,81855375000.0,56.6341,65.027,72.5644,81.0101,95.537,99.8651,23.3383,37.2296,50.4459,65.443,91.8089,99.7564,reconstructed
2024-10-22,82026000000.0,56.638,64.9765,72.4396,80.8783,95.3825,99.8231,23.3009,37.1013,50.1875,65.1802,91.518,99.6791,reconstructed-daily
2024-10-23,82198750000.0,56.3831,64.7051,72.1731,80.5864,95.2256,99.8009,23.1518,36.866,49.9066,64.7892,91.2691,99.6403,reconstructed-daily
2024-10-24,82371625000.0,56.1215,64.4686,72.0335,80.4399,95.0844,99.7745,22.3452,36.2206,49.4458,64.3733,90.9741,99.5911,reconstructed-daily
2024-10-25,82545750000.0,55.5355,63.9203,71.509,80.0225,94.8515,99.738,22.3147,36.0984,49.2183,64.1614,90.6959,99.5333,reconstructed-daily
2024-10-26,82717375000.0,55.5299,63.6183,71.1877,79.672,94.6587,99.7031,21.8809,35.6266,48.7492,63.4885,90.3133,99.4693,reconstructed-daily
2024-10-27,82891250000.0,55.1958,63.3124,71.0343,79.4999,94.5435,99.6642,21.7962,35.5043,48.5761,63.2354,90.1201,99.4009,reconstructed-daily
2024-10-28,83062500000.0,54.8555,63.0563,70.7639,79.376,94.4354,99.6271,21.0822,34.765,47.875,62.8561,89.8804,99.3312,reconstructed
2024-10-29,83235625000.0,54.5863,62.9376,70.6292,79.2739,94.3456,99.6034,20.9817,34.8814,47.896,62.8619,89.7689,99.2922,reconstructed-daily
2024-10-30,83407625000.0,54.2022,62.5463,70.2649,78.9092,94.1696,99.5688,20.8092,34.6741,47.5754,62.4477,89.5241,99.2357,reconstructed-daily
2024-10-31,83579250000.0,54.0708,62.3973,70.1001,78.6978,94.0497,99.5446,20.0454,33.897,46.8699,61.7667,89.2339,99.1863,reconstructed-daily
2024-11-01,83750250000.0,53.9756,62.3489,70.036,78.6163,94.0533,99.5208,20.0007,33.8148,46.7587,61.6226,89.2381,99.1432,reconstructed-daily
2024-11-02,83922875000.0,54.0672,62.414,70.0989,78.6085,93.8572,99.4685,19.9996,33.7957,46.7641,61.5282,88.8629,99.0482,reconstructed-daily
2024-11-03,84096375000.0,54.0994,62.0945,69.5719,78.0936,93.6152,99.4142,19.9505,33.2259,45.8938,60.6623,88.4506,98.9509,reconstructed-daily
2024-11-04,84269000000.0,53.5276,61.5152,69.1065,77.7187,93.4833,99.3902,19.7091,32.84,45.5988,60.3754,88.3305,98.9177,reconstructed
2024-11-05,84442125000.0,53.737,61.4956,68.9183,77.4605,93.3859,99.348,19.7351,32.5263,45.0591,59.7738,88.113,98.8377,reconstructed-daily
2024-11-06,84612750000.0,53.5278,61.2582,68.743,77.3318,93.2493,99.3077,19.6266,32.3249,44.938,59.6784,87.9061,98.7706,reconstructed-daily
2024-11-07,84785125000.0,53.2523,61.0491,68.6911,77.2715,93.1672,99.2782,19.4977,32.3729,45.1015,59.7508,87.8122,98.7237,reconstructed-daily
2024-11-08,84956125000.0,53.1446,61.0432,68.6698,77.2618,93.1271,99.2518,19.4267,32.467,45.1492,59.804,87.7592,98.6786,reconstructed-daily
2024-11-09,85128000000.0,53.1653,60.9598,68.3832,76.8317,93.0278,99.224,19.4182,32.0908,44.5296,58.956,87.56,98.6265,reconstructed-daily
2024-11-10,85298500000.0,52.8012,60.529,67.9374,76.4183,92.7433,99.1224,19.2585,31.7346,44.0711,58.4734,87.1261,98.4559,reconstructed-daily
2024-11-11,85472000000.0,52.5654,60.2722,67.6772,76.1234,92.4939,98.9695,19.1441,31.5368,43.8315,58.1003,86.73,98.1902,reconstructed
2024-11-12,85645625000.0,52.4857,60.0479,67.3888,75.8198,92.2464,98.8606,18.9188,31.0712,43.3215,57.5684,86.2891,97.9981,reconstructed-daily
2024-11-13,85819375000.0,52.2953,59.8701,67.1438,75.552,92.1137,98.7955,18.8327,30.923,43.0135,57.196,86.0873,97.8895,reconstructed-daily
2024-11-14,85994625000.0,52.1569,59.7293,66.9882,75.2954,91.8258,98.6288,18.9433,30.9487,42.9644,56.9123,85.6315,97.6031,reconstructed-daily
2024-11-15,86169750000.0,51.5309,59.0497,66.2939,74.6975,91.4156,98.4683,18.7646,30.5768,42.4245,56.3763,85.0836,97.3498,reconstructed-daily
2024-11-16,86344250000.0,49.5827,57.6026,65.3457,74.2143,91.0429,98.2884,18.2285,30.497,42.7648,56.9885,84.9419,97.1302,reconstructed-daily
2024-11-17,86519500000.0,47.7101,55.7713,64.031,73.0777,90.3885,97.9655,16.513,28.7791,41.5906,55.835,84.1133,96.6404,reconstructed-daily
2024-11-18,86695750000.0,46.61,54.5595,62.6319,71.8056,89.5553,97.5688,16.0966,28.3144,40.5212,54.6833,83.0923,96.0656,reconstructed
2024-11-19,86869750000.0,45.0329,53.1974,61.3929,70.6509,88.8037,97.1713,15.7154,27.6872,39.8293,53.8433,82.2659,95.5194,reconstructed-daily
2024-11-20,87041250000.0,44.5921,52.247,59.9197,69.298,88.2407,96.9559,15.5201,26.7532,38.1075,52.2259,81.5765,95.2298,reconstructed-daily
2024-11-21,87215250000.0,43.9328,51.5751,59.1834,68.6224,87.8264,96.7721,15.3329,26.4352,37.5751,51.6653,81.1189,94.992,reconstructed-daily
2024-11-22,87386500000.0,44.2005,51.7574,59.2022,68.7122,87.8181,96.6759,15.3423,26.3521,37.4297,51.6924,81.0553,94.8279,reconstructed-daily
2024-11-23,87530062500.0,43.906,51.7457,59.3631,68.8022,87.6573,96.5349,15.3475,26.3606,37.5672,51.7305,80.7644,94.5959,reconstructed-daily
2024-11-24,87616250000.0,43.2641,51.0961,58.7887,68.4433,87.4213,96.4466,15.1808,26.0743,37.3151,51.6613,80.5892,94.5119,reconstructed-daily
2024-11-25,87703000000.0,42.8164,50.7138,58.4963,68.1863,87.2948,96.3524,15.0533,26.1008,37.3541,51.631,80.538,94.4078,reconstructed
2024-11-26,87790000000.0,42.454,50.1499,57.9379,67.6183,86.9738,96.1744,14.9216,25.8476,36.9821,51.1412,80.1989,94.1797,reconstructed-daily
2024-11-27,87876125000.0,42.2967,50.0223,57.7024,67.3902,86.7292,95.9978,14.8727,25.82,36.7458,50.9175,79.8697,93.9241,reconstructed-daily
2024-11-28,87962812500.0,42.2122,50.0176,57.7018,67.3424,86.6347,95.8592,14.8832,25.7125,36.6592,50.7674,79.6971,93.7029,reconstructed-daily
2024-11-29,88049375000.0,42.1784,50.1229,57.8086,67.366,86.5434,95.7962,14.8626,25.9018,36.8471,50.8125,79.5656,93.6095,reconstructed-daily
2024-11-30,88135812500.0,41.9949,49.8036,57.5087,67.0923,86.5023,95.8004,14.7722,25.7965,36.7112,50.6491,79.6095,93.6496,reconstructed-daily
2024-12-01,88221562500.0,41.8075,49.6419,57.3673,66.9936,86.4432,95.7311,14.7174,25.7516,36.6693,50.6335,79.5752,93.5616,reconstructed-daily
2024-12-02,88307437500.0,41.589,49.4479,57.1479,66.726,86.2282,95.5796,14.6571,25.6929,36.5126,50.3849,79.3158,93.3538,reconstructed
2024-12-03,88392437500.0,41.4495,49.3231,56.9983,66.6261,86.0905,95.4884,14.6628,25.6504,36.4364,50.3323,79.1491,93.2297,reconstructed-daily
2024-12-04,88477937500.0,40.942,48.9463,56.7113,66.3631,85.9199,95.3882,14.6756,25.6992,36.5234,50.3749,79.0669,93.1353,reconstructed-daily
2024-12-05,88564000000.0,40.1792,48.3648,56.2035,66.0145,85.7611,95.3027,14.5825,25.497,36.362,50.3124,79.02,93.0696,reconstructed-daily
2024-12-06,88649937500.0,39.5411,47.4925,55.347,65.0705,85.1567,94.9656,14.3865,24.8897,35.6889,49.3743,78.3313,92.6374,reconstructed-daily
2024-12-07,88735937500.0,39.0099,46.9493,54.809,64.5127,84.6916,94.6907,14.3002,24.7075,35.4506,48.9699,77.8285,92.2977,reconstructed-daily
2024-12-08,88822250000.0,38.3418,46.1733,54.0132,63.4332,83.6823,93.963,14.1909,24.3388,34.9039,47.8894,76.593,91.3257,reconstructed-daily
2024-12-09,88908312500.0,37.9772,45.8212,53.6634,63.0279,83.2116,93.4661,13.106,23.4143,34.0407,47.0014,75.7799,90.556,reconstructed
2024-12-10,88993500000.0,37.5369,45.3734,53.1923,62.4418,82.7956,93.1085,13.2094,23.4597,33.9548,46.68,75.3781,90.1136,reconstructed-daily
2024-12-11,89079437500.0,37.4916,45.3206,53.1397,62.4243,82.7244,93.096,13.2331,23.4696,33.9618,46.6819,75.2854,90.0987,reconstructed-daily
2024-12-12,89165937500.0,37.2075,45.0288,52.764,62.1497,82.5061,93.0206,13.1112,23.2509,33.6631,46.4139,75.0299,90.0153,reconstructed-daily
2024-12-13,89252062500.0,37.1107,44.6088,52.1777,61.3502,81.5469,92.2891,12.6513,22.374,32.6133,45.0915,73.5679,88.9338,reconstructed-daily
2024-12-14,89337937500.0,37.056,44.4943,52.0851,61.2438,81.3433,92.1255,12.6021,22.2682,32.5027,44.9385,73.2837,88.7014,reconstructed-daily
2024-12-15,89424000000.0,36.2946,43.9778,51.7402,61.0299,81.1724,92.0746,13.2082,23.0026,33.2361,45.6093,73.5087,88.8271,reconstructed-daily
2024-12-16,89510750000.0,36.2108,43.8866,51.6224,60.9154,81.0622,91.966,13.1811,22.919,33.1394,45.5047,73.3812,88.6851,reconstructed
2024-12-17,89597125000.0,36.4561,44.392,52.1517,61.4781,81.6544,92.2966,13.2793,23.0897,33.3317,45.8618,74.0037,89.0581,reconstructed-daily
2024-12-18,89682750000.0,36.6143,44.5426,52.2793,61.5692,81.6648,92.2888,13.2979,23.122,33.3559,45.8503,73.9577,89.021,reconstructed-daily
2024-12-19,89768750000.0,36.5001,44.4207,52.1794,61.4568,81.5396,92.1511,13.2646,23.0641,33.3144,45.7723,73.818,88.8402,reconstructed-daily
2024-12-20,89854062500.0,36.351,44.2642,51.9998,61.3012,81.4743,92.0943,13.2249,22.9951,33.2169,45.6598,73.7789,88.7822,reconstructed-daily
2024-12-21,89940062500.0,36.3627,44.2681,52.0027,61.2729,81.4409,92.0684,13.2154,22.9787,33.2024,45.6048,73.7243,88.7426,reconstructed-daily
2024-12-22,90025875000.0,36.3262,44.2241,51.8675,61.1674,81.3702,92.0169,13.197,22.932,33.0378,45.4769,73.6348,88.6739,reconstructed-daily
2024-12-23,90111875000.0,36.4192,44.3096,52.0167,61.1819,81.4101,92.0916,13.2031,23.0188,33.129,45.4195,73.6562,88.7645,reconstructed
2024-12-24,90197437500.0,36.5019,44.3848,52.0715,61.2032,81.4501,92.1503,13.2073,23.0261,33.0951,45.3798,73.6806,88.8336,reconstructed-daily
2024-12-25,90283000000.0,36.5183,44.3937,52.0731,61.1809,81.436,92.1267,13.1991,23.0117,33.0744,45.3295,73.6531,88.7958,reconstructed-daily
2024-12-26,90369125000.0,36.6472,44.5151,52.1871,61.2587,81.4384,92.1191,13.212,23.0343,33.1068,45.3278,73.6053,88.7634,reconstructed-daily
2024-12-27,90454937500.0,36.6159,44.4874,52.1836,61.236,81.3821,92.0771,13.1947,23.0199,33.1347,45.3224,73.5349,88.7076,reconstructed-daily
2024-12-28,90540937500.0,36.5005,44.3645,52.0534,61.0927,81.337,92.006,13.1615,22.962,33.0514,45.2019,73.5115,88.6237,reconstructed-daily
2024-12-29,90626125000.0,36.3942,44.2508,51.9325,60.9722,81.2347,91.938,13.1303,22.9075,32.9729,45.111,73.4036,88.5428,reconstructed-daily
2024-12-30,90712000000.0,36.3987,44.2479,51.9223,60.9278,81.1522,91.8544,13.1198,22.8893,32.9466,45.0337,73.2814,88.4221,reconstructed
2024-12-31,90797125000.0,36.5027,44.3446,51.9967,60.9278,81.0864,91.7912,13.1281,22.9038,32.9134,44.9463,73.1448,88.3131,reconstructed-daily
2025-01-01,90883125000.0,35.9865,43.5572,51.052,59.8337,80.0834,91.422,12.27,21.6886,31.5251,43.3597,71.7231,87.7865,reconstructed-daily
2025-01-02,90969687500.0,35.9391,43.5345,51.0221,59.7511,79.9437,91.2816,12.2414,21.6919,31.5143,43.2655,71.5362,87.5914,reconstructed-daily
2025-01-03,91055875000.0,35.8588,43.4305,50.911,59.6047,79.828,91.1545,12.1931,21.6246,31.4272,43.1187,71.3994,87.4228,reconstructed-daily
2025-01-04,91141687500.0,36.2332,43.7978,51.2713,59.8827,79.9328,91.17,12.2482,21.7223,31.5692,43.1833,71.392,87.3762,reconstructed-daily
2025-01-05,91227875000.0,36.7192,44.2709,51.62,60.162,79.9689,91.0927,12.3237,21.7655,31.5856,43.1825,71.2364,87.1743,reconstructed-daily
2025-01-06,91313750000.0,36.8949,44.4458,51.8077,60.3134,79.9569,91.0311,12.3537,21.8114,31.6768,43.2378,71.1405,87.051,reconstructed
2025-01-07,91398375000.0,37.536,45.0895,52.3919,60.6254,79.9339,90.9454,12.4561,22.0984,31.8171,43.1382,70.8307,86.8024,reconstructed-daily
2025-01-08,91484375000.0,37.3654,44.9364,52.2319,60.3881,79.6216,90.6345,12.4143,22.0602,31.7364,42.9223,70.4458,86.3795,reconstructed-daily
2025-01-09,91570187500.0,37.6944,45.2528,52.5415,60.6428,79.6309,90.578,12.4556,22.1398,31.8544,43.005,70.3104,86.2295,reconstructed-daily
2025-01-10,91656687500.0,37.4956,45.0469,52.3293,60.3919,79.4012,90.403,12.4085,22.0562,31.744,42.7979,70.0577,86.0119,reconstructed-daily
2025-01-11,91742625000.0,37.5424,45.0866,52.3622,60.4273,79.3786,90.3758,12.4064,22.0524,31.7467,42.8053,70.0013,85.9612,reconstructed-daily
2025-01-12,91828062500.0,37.464,44.9689,52.1705,60.2335,79.186,90.2663,12.3816,21.8749,31.5424,42.5819,69.7536,85.8157,reconstructed-daily
2025-01-13,91914937500.0,37.5237,45.0217,52.1273,60.1797,79.122,90.206,12.3817,21.8753,31.4,42.4474,69.6298,85.7137,reconstructed
2025-01-14,91999437500.0,37.4929,44.984,52.089,60.1507,79.0732,90.1512,12.3657,21.8471,31.368,42.4257,69.5686,85.6385,reconstructed-daily
2025-01-15,92086062500.0,37.69,45.1884,52.3067,60.2676,79.0714,90.1149,12.3931,21.9166,31.4781,42.422,69.4845,85.5558,reconstructed-daily
2025-01-16,92171250000.0,37.5733,45.0627,52.1772,60.1638,78.9551,90.0348,12.3614,21.8573,31.3985,42.3629,69.3635,85.4616,reconstructed-daily
2025-01-17,92256500000.0,37.5121,44.9945,52.1009,60.0848,78.8768,89.9941,12.3398,21.8192,31.3415,42.2997,69.2757,85.4138,reconstructed-daily
2025-01-18,92342437500.0,37.6346,45.1101,52.1924,60.0649,78.7744,89.9336,12.3515,21.8398,31.3174,42.1515,69.0688,85.2974,reconstructed-daily
2025-01-19,92428562500.0,37.6006,45.0691,52.1476,60.0336,78.7811,89.9051,12.3347,21.8103,31.2791,42.1299,69.0915,85.2616,reconstructed-daily
2025-01-20,92513375000.0,37.1413,44.5899,51.8024,59.8256,78.5692,89.7359,12.2418,21.6839,31.257,42.218,68.9887,85.1123,reconstructed
2025-01-21,92599500000.0,25.9806,33.4763,40.9505,53.543,76.9015,89.1789,10.4757,18.6659,27.5369,42.8474,71.3287,86.5381,reconstructed-daily
2025-01-22,92685062500.0,26.3094,33.8341,41.1549,53.6543,76.8168,89.1475,10.5101,18.6802,27.4881,42.7383,71.1024,86.4421,reconstructed-daily
2025-01-23,92770812500.0,25.9835,33.4984,40.8626,53.4186,76.6821,89.0513,10.4583,18.5847,27.4119,42.6801,71.0501,86.3761,reconstructed-daily
2025-01-24,92856687500.0,25.8698,33.3778,40.7382,53.2708,76.5013,88.9388,10.3241,18.4421,27.2639,42.5014,70.828,86.2369,reconstructed-daily
2025-01-25,92942062500.0,25.8521,33.3532,40.6677,53.1923,76.4199,88.9279,10.3131,18.4223,27.1857,42.4113,70.7305,86.2254,reconstructed-daily
2025-01-26,93027625000.0,25.7334,33.0833,40.3958,52.914,76.3032,88.8275,10.1366,18.0603,26.824,42.0462,70.5772,86.096,reconstructed-daily
2025-01-27,93113562500.0,25.7159,33.059,40.3752,52.8919,76.2667,88.7662,10.1242,18.0381,26.8042,42.0203,70.5266,86.0101,reconstructed
2025-01-28,93199687500.0,25.7438,33.0801,40.3918,52.9,76.2777,88.7517,10.119,18.029,26.7932,42.0055,70.5288,85.9861,reconstructed-daily
2025-01-29,93285062500.0,25.9642,33.2938,40.5969,53.0671,76.2051,88.6857,10.1383,18.0634,26.8421,42.0422,70.355,85.8636,reconstructed-daily
2025-01-30,93370125000.0,25.9375,33.2604,40.5566,53.0192,76.1442,88.6466,10.1264,18.0421,26.8102,41.9969,70.2865,85.8184,reconstructed-daily
2025-01-31,93456375000.0,25.9183,33.4138,40.7109,53.1654,76.1833,88.6226,10.1508,18.247,27.015,42.1895,70.3401,85.7906,reconstructed-daily
2025-02-01,93542000000.0,25.7986,33.2872,40.5924,53.0403,76.1035,88.5488,10.1269,18.2041,26.9701,42.115,70.2825,85.7186,reconstructed-daily
2025-02-02,93627187500.0,25.4285,32.8487,40.1691,52.6789,75.9927,88.4807,9.912,17.8835,26.6435,41.8317,70.2281,85.6733,reconstructed-daily
2025-02-03,93713125000.0,25.5013,32.9931,40.3044,52.8064,75.9665,88.3872,9.9126,17.9927,26.7399,41.9336,70.1642,85.5424,reconstructed
2025-02-04,93774468750.0,25.4649,32.9518,40.2511,52.7488,75.8725,88.2656,9.8961,17.9593,26.6978,41.881,70.0583,85.3954,reconstructed-daily
2025-02-05,93817156250.0,25.5172,33.0007,40.2902,52.7844,75.8326,88.2273,9.8984,17.9612,26.6957,41.8854,69.987,85.3376,reconstructed-daily
2025-02-06,93860093750.0,25.5168,32.7648,39.9574,52.4112,75.5729,88.1015,9.8456,17.6059,26.2662,41.4082,69.6596,85.1777,reconstructed-daily
2025-02-07,93902718750.0,25.5247,32.7694,39.8901,52.2563,75.4466,88.0299,9.8424,17.5991,26.172,41.1987,69.5008,85.0862,reconstructed-daily
2025-02-08,93945718750.0,25.749,32.8629,40.0239,52.3376,75.3946,87.9595,9.7096,17.4835,26.0896,41.1014,69.3303,84.9474,reconstructed-daily
2025-02-09,93988562500.0,25.5883,32.9391,40.0969,52.4148,75.3311,87.8491,9.7428,17.7416,26.3268,41.3222,69.3075,84.8391,reconstructed-daily
2025-02-10,94031281250.0,25.4328,32.8224,39.9769,52.2901,75.2586,87.7335,9.7198,17.7522,26.317,41.2781,69.2721,84.7238,reconstructed
2025-02-11,94074562500.0,25.2946,32.676,39.8273,52.1244,75.0861,87.5835,9.684,17.6946,26.2424,41.153,69.1051,84.5605,reconstructed-daily
2025-02-12,94117562500.0,35.6255,43.0086,49.853,57.6532,76.3668,87.884,11.1124,20.3118,29.3942,39.9849,66.3439,82.7045,reconstructed-daily
2025-02-13,94160781250.0,32.2233,39.8908,47.2828,55.6502,75.0525,87.0988,10.7505,20.022,29.287,40.1225,66.1444,82.4484,reconstructed-daily
2025-02-14,94204187500.0,31.1,39.216,46.7777,55.1477,74.6551,86.8353,12.6106,22.0466,31.1638,41.599,66.8321,82.7302,reconstructed-daily
2025-02-15,94246843750.0,30.7243,38.8075,46.227,54.4939,74.0939,86.5103,13.6901,22.897,31.6692,41.7944,66.7025,82.6207,reconstructed-daily
2025-02-16,94289812500.0,30.0346,38.0921,45.6669,54.1359,73.7533,86.153,14.2761,23.3358,32.136,42.3393,66.8351,82.4626,reconstructed-daily
2025-02-17,94332750000.0,29.4025,37.3081,44.8917,53.3555,73.053,85.593,14.1259,23.1311,31.8438,41.9527,66.2909,81.9366,reconstructed
2025-02-18,94375906250.0,28.8666,36.8035,44.3886,52.8544,72.7038,85.3322,14.0257,23.0134,31.6673,41.7119,66.079,81.7311,reconstructed-daily
2025-02-19,94419312500.0,27.7515,35.611,43.0686,51.7253,72.1665,85.0735,13.828,22.5182,30.9872,41.1296,65.8827,81.6624,reconstructed-daily
2025-02-20,94462375000.0,27.1938,35.0634,42.5219,51.2917,71.9635,84.9397,13.7278,22.3737,30.7864,41.0061,65.8672,81.6245,reconstructed-daily
2025-02-21,94505281250.0,27.1504,34.9039,42.363,51.1895,71.863,84.8685,13.7034,22.2152,30.6436,40.9063,65.7609,81.5465,reconstructed-daily
2025-02-22,94547937500.0,27.1146,34.7726,42.1969,51.0478,71.6992,84.7425,13.6927,22.0203,30.4679,40.7476,65.5719,81.3982,reconstructed-daily
2025-02-23,94590687500.0,27.1567,34.8026,42.2699,50.9998,71.5386,84.6757,13.6716,21.9977,30.4705,40.6355,65.3458,81.3001,reconstructed-daily
2025-02-24,94634000000.0,26.6929,34.4622,42.0037,50.6709,71.3522,84.5251,13.5998,22.0918,30.5205,40.5656,65.3148,81.2214,reconstructed
2025-02-25,94676937500.0,25.6177,33.4065,40.8767,49.7986,70.5888,84.0015,13.4296,21.8035,30.0766,40.2904,64.8485,80.8358,reconstructed-daily
2025-02-26,94720031250.0,25.6366,33.333,40.7633,49.5587,70.2588,83.7587,13.4294,21.7116,29.9221,39.9956,64.4539,80.5444,reconstructed-daily
2025-02-27,94762156250.0,25.1512,32.9275,40.337,49.1665,69.9485,83.5287,13.3449,21.6841,29.8107,39.8818,64.2938,80.3834,reconstructed-daily
2025-02-28,94804781250.0,25.2191,32.9534,40.3615,49.1036,69.7929,83.3662,13.3522,21.6511,29.7829,39.7537,64.0799,80.1737,reconstructed-daily
2025-03-01,94847593750.0,24.722,32.4454,39.852,48.5917,69.3434,82.9985,13.2828,21.517,29.5985,39.5068,63.76,79.8567,reconstructed-daily
2025-03-02,94890812500.0,24.8266,32.4718,39.721,48.3469,69.2051,82.8644,13.2939,21.3895,29.3404,39.1413,63.5473,79.6712,reconstructed-daily
2025-03-03,94933625000.0,23.7356,31.5211,39.1119,47.9224,68.9329,82.6606,13.1188,21.3881,29.5456,39.4187,63.6926,79.6911,reconstructed
2025-03-04,94976562500.0,23.6813,31.4192,38.9589,47.6432,68.616,82.4544,13.1046,21.3174,29.3989,39.1272,63.3451,79.4623,reconstructed-daily
2025-03-05,95019312500.0,23.1537,30.9223,38.4604,47.1401,68.1788,82.1121,13.0175,21.2171,29.2478,38.9116,63.06,79.1898,reconstructed-daily
2025-03-06,95061906250.0,22.6083,30.3611,37.9506,46.7283,67.8205,81.8006,12.93,21.0601,29.1114,38.819,62.8764,78.9599,reconstructed-daily
2025-03-07,95105093750.0,22.6331,30.3574,37.892,46.5373,67.6007,81.6827,12.9284,21.0288,29.0049,38.5752,62.6096,78.8163,reconstructed-daily
2025-03-08,95147718750.0,22.096,29.8369,37.4876,46.2437,67.4341,81.5505,12.8419,20.9133,28.989,38.6157,62.6478,78.7941,reconstructed-daily
2025-03-09,95190875000.0,22.0649,29.8119,37.3431,45.9874,67.1624,81.3572,12.8326,20.9051,28.8268,38.3366,62.3456,78.5777,reconstructed-daily
2025-03-10,95233625000.0,21.6872,29.4308,37.1239,45.935,67.0592,81.2344,12.7713,20.8275,28.8975,38.5459,62.3894,78.5303,reconstructed
2025-03-11,95275812500.0,21.6882,29.4473,37.0418,45.7697,66.9123,81.0989,12.7664,20.8234,28.7987,38.3483,62.2186,78.3738,reconstructed-daily
2025-03-12,95318750000.0,21.1436,28.9761,36.7823,45.5608,66.7119,80.9763,12.6621,20.7998,28.9396,38.4802,62.2152,78.3628,reconstructed-daily
2025-03-13,95361750000.0,21.1751,28.937,36.5479,45.3907,66.5444,80.8128,13.2067,21.1719,29.1108,38.6768,62.2378,78.2883,reconstructed-daily
2025-03-14,95404187500.0,21.1655,28.9477,36.6584,45.3789,66.5023,80.7901,13.2028,21.216,29.1992,38.6542,62.1848,78.2594,reconstructed-daily
2025-03-15,95447312500.0,21.1546,28.9981,36.7072,45.366,66.36,80.651,13.1953,21.2815,29.2622,38.6421,62.027,78.104,reconstructed-daily
2025-03-16,95489843750.0,21.1628,29.0015,36.7089,45.3724,66.3031,80.637,13.1765,21.2655,29.2466,38.6309,61.9534,78.0827,reconstructed-daily
2025-03-17,95533156250.0,20.5862,28.5246,36.3696,45.1087,66.1453,80.5205,13.0931,21.2764,29.3345,38.7311,62.0211,78.0935,reconstructed
2025-03-18,95576406250.0,20.5803,28.5037,36.3467,45.0621,66.0618,80.4109,13.0792,21.2528,29.3091,38.679,61.9275,77.9697,reconstructed-daily
2025-03-19,95619343750.0,20.5347,28.445,36.2568,44.9759,65.9358,80.307,13.0672,21.1892,29.2403,38.6076,61.803,77.8636,reconstructed-daily
2025-03-20,95662406250.0,20.5444,28.4508,36.2263,44.9415,65.832,80.1884,13.0633,21.1741,29.1936,38.5584,61.6792,77.7247,reconstructed-daily
2025-03-21,95705281250.0,20.5381,28.4394,36.1269,44.8412,65.7322,79.9792,13.0558,21.1576,29.0784,38.4428,61.5648,77.4867,reconstructed-daily
2025-03-22,95748375000.0,20.5691,28.4652,36.1198,44.8296,65.6543,79.8996,13.0559,21.1502,29.0359,38.4014,61.4594,77.3867,reconstructed-daily
2025-03-23,95791125000.0,20.5554,28.435,36.0879,44.7227,65.5383,79.8241,13.0479,21.1286,28.999,38.2908,61.3356,77.3052,reconstructed-daily
2025-03-24,95833718750.0,20.5838,28.4256,36.076,44.6506,65.0926,79.2143,13.0429,21.1122,28.9807,38.1956,60.8276,76.6152,reconstructed
2025-03-25,95876593750.0,20.5525,28.3898,36.0381,44.6088,64.9641,79.092,13.0353,21.0992,28.9646,38.1741,60.7049,76.4968,reconstructed-daily
2025-03-26,95919750000.0,20.5405,28.3585,36.0047,44.5973,64.9734,79.0886,13.0303,21.058,28.9219,38.1568,60.7128,76.4922,reconstructed-daily
2025-03-27,95962312500.0,20.5723,28.3202,35.9648,44.5978,64.9445,79.1013,13.0278,20.9939,28.8583,38.1455,60.6708,76.5014,reconstructed-daily
2025-03-28,96005343750.0,20.6104,28.3275,35.7622,44.5256,64.9954,79.1875,13.015,20.835,28.5696,38.0162,60.6961,76.5794,reconstructed-daily
2025-03-29,96048250000.0,20.6038,28.32,35.774,44.5071,64.9448,79.1247,13.0093,20.8253,28.582,37.9947,60.6386,76.5085,reconstructed-daily
2025-03-30,96091093750.0,20.6232,28.3434,35.884,44.5485,64.9138,79.0987,13.008,20.8391,28.6813,38.0168,60.5892,76.4712,reconstructed-daily
2025-03-31,96134093750.0,20.6725,28.4006,35.8826,44.6004,64.9915,79.1265,13.0095,20.8818,28.6617,38.0408,60.654,76.4895,reconstructed
2025-04-01,96177187500.0,20.6739,28.4292,35.8883,44.606,65.0068,79.1212,13.0045,20.885,28.6676,38.0393,60.6679,76.4821,reconstructed-daily
2025-04-02,96219906250.0,20.6464,28.3835,35.8339,44.5521,64.5841,78.518,12.9952,20.8378,28.6294,37.9955,60.1868,75.8089,reconstructed-daily
2025-04-03,96263062500.0,20.1026,27.9469,35.5651,44.3996,64.5193,78.4622,12.9149,20.8947,28.7811,38.2043,60.3575,75.8933,reconstructed-daily
2025-04-04,96306125000.0,20.109,27.8833,35.5134,44.3442,64.5157,78.4629,12.9207,20.8094,28.711,38.1325,60.347,75.8904,reconstructed-daily
2025-04-05,96349437500.0,20.1087,27.8698,35.4929,44.3204,64.4858,78.4245,12.9114,20.7882,28.6827,38.1012,60.3106,75.8454,reconstructed-daily
2025-04-06,96392406250.0,19.6173,27.415,35.2489,44.193,64.4808,78.4286,12.8295,20.7313,28.7963,38.2821,60.5129,75.9756,reconstructed-daily
2025-04-07,96435656250.0,19.646,27.4447,35.2504,44.1877,64.4533,78.397,12.8279,20.7323,28.7674,38.2595,60.4702,75.932,reconstructed
2025-04-08,96478656250.0,19.6745,27.7408,35.5184,44.3108,64.5193,78.464,12.8499,21.0733,29.0259,38.3776,60.5313,75.9996,reconstructed-daily
2025-04-09,96521625000.0,19.6971,27.7344,35.6475,44.3819,64.4343,78.4165,12.8258,21.0281,29.1365,38.412,60.4174,75.936,reconstructed-daily
2025-04-10,96564500000.0,19.6654,27.6865,35.5972,44.3268,64.3533,78.3703,12.8158,20.9899,29.0934,38.3628,60.3348,75.8892,reconstructed-daily
2025-04-11,96607625000.0,19.6556,27.5808,35.4369,44.1118,64.1805,78.2491,12.8105,20.8211,28.9215,38.1291,60.1471,75.7562,reconstructed-daily
2025-04-12,96650437500.0,19.6716,27.5724,35.4032,44.0746,64.1209,78.2599,12.8238,20.7888,28.8634,38.07,60.0711,75.7624,reconstructed-daily
2025-04-13,96693343750.0,19.6812,27.5707,35.3997,44.0664,64.115,78.2512,12.8177,20.7745,28.8475,38.0516,60.059,75.7494,reconstructed-daily
2025-04-14,96736156250.0,19.69,27.5944,35.4927,44.1627,64.2045,78.2453,12.8064,20.8649,28.9469,38.1594,60.1545,75.7412,reconstructed
2025-04-15,96779062500.0,19.6919,27.606,35.4818,44.1092,64.171,78.2271,12.8088,20.853,28.9047,38.0898,60.1108,75.7173,reconstructed-daily
2025-04-16,96822218750.0,19.7032,27.8012,35.5821,44.2006,64.1395,77.9144,12.8182,20.99,28.9955,38.1735,60.0509,75.3584,reconstructed-daily
2025-04-17,96864906250.0,19.6982,27.8029,35.582,44.19,64.1281,77.8154,12.822,20.9903,28.9942,38.1567,60.0379,75.2462,reconstructed-daily
2025-04-18,96891531250.0,19.6025,27.7083,35.4678,44.073,64.0416,77.6472,12.8042,20.9622,28.9364,38.0868,59.9809,75.0831,reconstructed-daily
2025-04-19,96912906250.0,19.5995,27.7073,35.466,44.0685,64.019,77.6058,12.8062,20.9623,28.9348,38.0829,59.9571,75.038,reconstructed-daily
2025-04-20,96934453125.0,19.6193,27.7253,35.483,44.085,64.0419,77.6214,12.8146,20.97,28.9429,38.0919,59.9767,75.0518,reconstructed-daily
2025-04-21,96956015625.0,19.6067,27.7013,35.4582,44.0586,64.0504,77.6414,12.7977,20.9401,28.9124,38.0601,59.9844,75.0729,reconstructed
2025-04-22,96977234375.0,19.5424,27.631,35.3802,44.0132,64.0202,77.6183,12.7986,20.9267,28.8832,38.0687,59.9831,75.0684,reconstructed-daily
2025-04-23,96998640625.0,19.3418,27.4457,35.2068,43.9563,64.013,77.5468,13.1773,21.2388,29.1691,38.4153,60.2392,75.1516,reconstructed-daily
2025-04-24,97020234375.0,19.3476,27.4739,35.2923,43.9614,63.976,77.4857,13.1756,21.1918,29.1907,38.3598,60.1578,75.0587,reconstructed-daily
2025-04-25,97041578125.0,19.303,27.3625,35.18,43.8836,63.911,77.4511,13.1391,21.104,29.0984,38.3017,60.1062,75.0318,reconstructed-daily
2025-04-26,97063140625.0,19.4369,27.5868,35.3325,43.9251,63.8635,77.3823,13.3587,21.3738,29.2732,38.3601,60.0632,74.9616,reconstructed-daily
2025-04-27,97084656250.0,19.4404,27.609,35.354,43.9638,63.9353,77.4732,13.3565,21.394,29.2931,38.4036,60.1409,75.061,reconstructed-daily
2025-04-28,97106359375.0,19.5101,27.6473,35.2887,43.8744,63.8909,77.4952,13.3833,21.3194,29.1563,38.245,60.0587,75.0635,reconstructed
2025-04-29,97127906250.0,19.4997,27.7967,35.4424,44.0262,64.0367,77.6355,13.4892,21.5229,29.3343,38.4203,60.2254,75.2217,reconstructed-daily
2025-04-30,97149437500.0,19.3878,27.6738,35.3187,43.9567,64.0042,77.6267,13.5038,21.5229,29.319,38.4535,60.259,75.2547,reconstructed-daily
2025-05-01,97170984375.0,19.3868,27.6535,35.2977,43.9312,63.993,77.6005,13.4811,21.4994,29.2942,38.4199,60.2471,75.2256,reconstructed-daily
2025-05-02,97192500000.0,19.3877,27.6568,35.3001,43.9331,64.0783,77.6682,13.3826,21.4096,29.2121,38.3521,60.2936,75.2708,reconstructed-daily
2025-05-03,97214031250.0,19.389,27.7315,35.3461,43.9682,64.0855,77.6777,13.4555,21.4828,29.2535,38.3828,60.2954,75.2779,reconstructed-daily
2025-05-04,97235390625.0,19.4155,28.0149,35.9588,44.5397,64.3636,77.7894,13.4342,21.9372,29.9109,38.9917,60.5846,75.3917,reconstructed-daily
2025-05-05,97256828125.0,19.3153,27.8657,35.8086,44.3671,64.2701,77.7537,13.3989,21.8564,29.8195,38.8627,60.5249,75.3793,reconstructed
2025-05-06,97278218750.0,19.3485,28.0003,35.9424,44.4296,64.2981,77.7808,13.5155,21.9745,29.9399,38.9065,60.54,75.3995,reconstructed-daily
2025-05-07,97299531250.0,19.3336,28.014,35.9552,44.4407,64.273,77.7637,13.5328,21.9997,29.9633,38.9224,60.516,75.384,reconstructed-daily
2025-05-08,97321062500.0,19.3972,28.2427,36.1829,44.6668,64.3782,77.8516,14.1347,22.7892,30.809,39.7593,61.0788,75.773,reconstructed-daily
2025-05-09,97342734375.0,19.4614,28.2463,36.1855,44.6676,64.3827,77.8567,14.1057,22.9091,31.0721,40.068,61.3282,75.9397,reconstructed-daily
2025-05-10,97364281250.0,19.4482,28.2281,36.1666,44.6604,64.3623,77.8166,14.0815,22.8822,31.0466,40.0579,61.3098,75.9038,reconstructed-daily
2025-05-11,97385937500.0,19.3741,28.1761,36.1136,44.6057,64.4111,77.8232,14.0028,22.8275,30.9908,40.0,61.3633,75.9117,reconstructed-daily
2025-05-12,97407578125.0,19.3861,28.1384,36.0749,44.5699,64.3593,77.7706,13.918,22.762,30.9288,39.9461,61.3039,75.8567,reconstructed
2025-05-13,97428937500.0,19.3966,28.135,36.0706,44.5639,64.3599,77.7623,13.9032,22.743,30.9087,39.9238,61.2879,75.8333,reconstructed-daily
2025-05-14,97450562500.0,19.3793,28.0793,36.0141,44.506,64.2981,77.7055,13.8754,22.6912,30.8536,39.8645,61.219,75.7641,reconstructed-daily
2025-05-15,97472000000.0,19.3439,28.032,35.9658,44.4559,64.2967,77.7267,13.8674,22.6672,30.8257,39.8315,61.2318,75.7958,reconstructed-daily
2025-05-16,97493625000.0,19.3327,28.0325,35.9653,44.4538,64.3286,77.7475,13.863,22.6749,30.8316,39.8348,61.27,75.8207,reconstructed-daily
2025-05-17,97515046875.0,19.3559,28.0447,35.9765,44.4662,64.346,77.7351,13.8527,22.6663,30.8244,39.8314,61.2778,75.8004,reconstructed-daily
2025-05-18,97536343750.0,19.405,27.9425,35.6807,44.3008,64.2535,77.6899,13.8128,22.4294,30.4727,39.6176,61.1558,75.7377,reconstructed-daily
2025-05-19,97558062500.0,19.3951,27.9253,35.6626,44.2685,64.2137,77.655,13.811,22.4206,30.4638,39.5941,61.1263,75.7131,reconstructed
2025-05-20,97579734375.0,19.4266,27.9632,35.6996,44.37,64.2461,77.6553,13.8127,22.4324,30.4774,39.6812,61.1456,75.7041,reconstructed-daily
2025-05-21,97601203125.0,19.4649,27.981,35.7165,44.3834,64.2432,77.6552,13.7922,22.4164,30.4645,39.6692,61.1264,75.6928,reconstructed-daily
2025-05-22,97622734375.0,19.4709,27.9801,35.7147,44.3641,64.211,77.6301,13.7908,22.4086,30.4568,39.6447,61.0893,75.6625,reconstructed-daily
2025-05-23,97644218750.0,19.4616,27.9768,35.756,44.3595,64.2433,77.6463,13.7673,22.4376,30.4961,39.6307,61.1119,75.6699,reconstructed-daily
2025-05-24,97665750000.0,19.4646,27.9746,35.753,44.3194,64.174,77.6131,13.7693,22.4306,30.4887,39.5835,61.0341,75.6323,reconstructed-daily
2025-05-25,97687156250.0,19.46,27.9682,35.7458,44.3214,64.1739,77.6116,13.7545,22.4148,30.4731,39.579,61.0297,75.6281,reconstructed-daily
2025-05-26,97708515625.0,19.4899,28.003,35.7796,44.361,64.2018,77.6378,13.7649,22.4263,30.4863,39.6016,61.0469,75.6483,reconstructed
2025-05-27,97729921875.0,19.5038,28.0128,35.7885,44.3722,64.2001,77.6117,13.7619,22.4229,30.4834,39.603,61.0382,75.6158,reconstructed-daily
2025-05-28,97751390625.0,19.3935,27.9865,35.5577,44.1539,64.0885,77.4788,13.8303,22.4197,30.3043,39.4294,60.9571,75.4959,reconstructed-daily
2025-05-29,97772984375.0,19.4388,28.0752,35.6455,44.2178,64.0618,77.4467,13.9406,22.5251,30.4071,39.5038,60.9321,75.4635,reconstructed-daily
2025-05-30,97794296875.0,19.3544,27.9697,35.5476,44.2353,64.1266,77.4259,13.8956,22.4536,30.3437,39.5575,61.0232,75.4543,reconstructed-daily
2025-05-31,97815890625.0,19.328,27.9389,35.5191,44.2191,64.1355,77.4446,13.889,22.4413,30.3308,39.5556,61.0436,75.4811,reconstructed-daily
2025-06-01,97837281250.0,19.3078,27.9041,35.4836,44.1853,64.0962,77.3792,13.8766,22.4131,30.3,39.5257,61.0056,75.4126,reconstructed-daily
2025-06-02,97858968750.0,19.3554,27.936,35.6598,44.259,64.1145,77.3541,13.875,22.4144,30.4438,39.5687,61.0003,75.3703,reconstructed
2025-06-03,97880328125.0,19.201,27.7627,35.494,44.1106,64.0333,77.2722,13.8451,22.3504,30.3752,39.5043,60.9745,75.3209,reconstructed-daily
2025-06-04,97901750000.0,19.0768,27.6343,35.3649,43.9868,63.9696,77.2107,13.7243,22.2254,30.2497,39.388,60.9216,75.2689,reconstructed-daily
2025-06-05,97923250000.0,18.9755,27.5102,35.2399,43.8463,63.7616,77.0934,13.6012,22.0787,30.103,39.2224,60.6887,75.137,reconstructed-daily
2025-06-06,97944640625.0,18.9703,27.3991,35.128,43.762,63.8082,77.1155,13.4829,21.9529,29.9772,39.1306,60.738,75.1611,reconstructed-daily
2025-06-07,97966187500.0,19.0896,27.5029,35.2312,43.8694,63.8992,77.1513,13.499,21.9643,29.9992,39.1703,60.7897,75.1643,reconstructed-daily
2025-06-08,97987640625.0,18.9288,27.229,34.9565,43.5924,63.715,77.0618,13.3798,21.8027,29.8238,38.9775,60.6638,75.1082,reconstructed-daily
2025-06-09,98009359375.0,18.9024,27.0893,34.8161,43.4498,63.6207,77.0265,13.3627,21.6613,29.6804,38.8301,60.5664,75.0738,reconstructed
2025-06-10,98030734375.0,18.9235,26.9982,34.7244,43.3301,63.6148,77.0137,13.3587,21.5377,29.5492,38.684,60.5476,75.0522,reconstructed-daily
2025-06-11,98052046875.0,18.9756,27.4295,35.0991,43.5635,63.7086,77.0443,13.5304,21.9603,29.9093,38.895,60.6246,75.0707,reconstructed-daily
2025-06-12,98073562500.0,18.9215,27.3691,35.0678,43.5554,63.6863,77.057,13.456,21.8807,29.8686,38.874,60.5942,75.0801,reconstructed-daily
2025-06-13,98095031250.0,18.9081,27.3476,35.0456,43.4777,63.6456,77.058,13.4514,21.8664,29.8527,38.7937,60.5556,75.0843,reconstructed-daily
2025-06-14,98116312500.0,18.8965,27.4118,35.2555,43.5701,63.6309,77.0364,13.4444,21.978,30.0801,38.8945,60.5421,75.0625,reconstructed-daily
2025-06-15,98137750000.0,18.8151,27.325,35.0733,43.3637,63.5923,77.0418,13.3786,21.9048,29.8968,38.6862,60.5108,75.0758,reconstructed-daily
2025-06-16,98159281250.0,18.7797,27.2891,35.0409,43.3655,63.5611,77.0406,13.3282,21.8564,29.8521,38.6781,60.4718,75.0713,reconstructed
2025-06-17,98180765625.0,19.107,27.9583,35.7088,44.0175,63.9956,77.2998,13.7737,22.5617,30.5517,39.3716,60.9365,75.3534,reconstructed-daily
2025-06-18,98202296875.0,19.1101,27.9538,35.7494,44.1426,64.171,77.4444,13.7792,22.5628,30.6071,39.5213,61.131,75.5136,reconstructed-daily
2025-06-19,98223546875.0,19.077,27.9187,35.7564,44.1759,64.2307,77.4797,13.7692,22.5939,30.6398,39.5817,61.213,75.5586,reconstructed-daily
2025-06-20,98245140625.0,19.1334,27.7493,35.739,44.2726,64.271,77.5104,13.6629,22.3593,30.5937,39.6474,61.2306,75.577,reconstructed-daily
2025-06-21,98266781250.0,18.6434,26.8224,34.8377,43.6389,64.0406,77.4353,12.7764,21.2106,29.4991,38.8639,60.9163,75.4503,reconstructed-daily
2025-06-22,98288140625.0,18.678,26.7329,34.8123,43.8656,64.2372,77.5397,12.7798,21.0452,29.4712,39.0915,61.1188,75.5518,reconstructed-daily
2025-06-23,98309484375.0,18.6346,26.7615,34.9382,43.8877,64.1523,77.4934,12.7701,21.1472,29.6374,39.1377,61.0385,75.5148,reconstructed
2025-06-24,98331015625.0,18.6335,26.6356,34.8226,43.8803,64.1642,77.5058,12.7492,20.993,29.4973,39.1204,61.0473,75.5202,reconstructed-daily
2025-06-25,98352375000.0,18.6757,26.6355,34.7803,43.8439,64.1111,77.4389,12.7528,20.9208,29.4179,39.0515,60.971,75.4355,reconstructed-daily
2025-06-26,98374000000.0,18.666,26.624,34.731,43.7975,64.052,77.4053,12.746,20.911,29.3627,38.9967,60.8955,75.407,reconstructed-daily
2025-06-27,98395468750.0,18.6646,26.6175,34.6851,43.7588,64.0339,77.3889,12.7375,20.8946,29.2984,38.9358,60.8478,75.3682,reconstructed-daily
2025-06-28,98417046875.0,18.652,26.5782,34.616,43.6966,63.9984,77.3491,12.7111,20.8616,29.231,38.8749,60.8135,75.3277,reconstructed-daily
2025-06-29,98438180000.0,18.6097,26.5204,34.5581,43.6402,63.9561,77.324,12.7028,20.834,29.1986,38.8401,60.785,75.3112,reconstructed-daily
2025-06-30,98451880000.0,18.6654,26.5442,34.5239,43.6036,63.9381,77.3067,12.7109,20.8146,29.1215,38.7682,60.7505,75.2883,reconstructed
2025-07-01,98465750000.0,18.6897,26.5491,34.2431,43.1807,63.5903,77.1621,12.6995,20.7485,28.7465,38.2756,60.3479,75.1093,reconstructed-daily
2025-07-02,98479470000.0,18.6712,26.5262,34.2173,43.1576,63.6193,77.1279,12.6954,20.7389,28.7316,38.273,60.3864,75.0766,reconstructed-daily
2025-07-03,98493180000.0,18.7048,26.5562,34.2434,43.1834,63.6297,77.1289,12.6791,20.7245,28.717,38.2639,60.3729,75.0627,reconstructed-daily
2025-07-04,98506780000.0,18.6937,26.5379,34.2167,43.1523,63.5937,77.0982,12.676,20.7135,28.6953,38.24,60.3378,75.032,reconstructed-daily
2025-07-05,98520640000.0,18.6916,26.5317,34.0929,43.0285,63.5294,77.1151,12.6742,20.7077,28.5605,38.1043,60.2691,75.0507,reconstructed-daily
2025-07-06,98534450000.0,18.6953,26.5293,34.0823,43.0174,63.5209,77.101,12.6731,20.698,28.5449,38.0873,60.2577,75.0336,reconstructed-daily
2025-07-07,98548160000.0,18.6693,26.4966,34.0239,42.9585,63.4765,77.0844,12.6732,20.4764,28.1991,37.7067,59.9557,74.8468,reconstructed
2025-07-08,98561750000.0,18.6768,26.5037,34.0298,42.9642,63.4767,77.0881,12.6727,20.4737,28.1985,37.7044,59.9516,74.8486,reconstructed-daily
2025-07-09,98575370000.0,18.6682,26.4946,34.0012,42.9313,63.4565,77.0842,12.6699,20.4687,28.1726,37.6684,59.9329,74.8462,reconstructed-daily
2025-07-10,98589130000.0,18.5631,26.389,33.8524,42.7675,63.3519,77.0042,12.642,20.428,28.067,37.5493,59.8587,74.7836,reconstructed-daily
2025-07-11,98602870000.0,18.4037,26.2291,33.663,42.5565,63.2211,76.9177,12.5229,20.2983,27.9048,37.3666,59.7502,74.7155,reconstructed-daily
2025-07-12,98616590000.0,18.4765,26.3015,33.7994,42.7141,63.3521,76.974,12.5311,20.3073,28.0018,37.4812,59.8594,74.7547,reconstructed-daily
2025-07-13,98630240000.0,18.448,26.2503,33.7615,42.5602,63.2643,76.9442,12.524,20.2701,27.978,37.3239,59.768,74.7202,reconstructed-daily
2025-07-14,98643930000.0,18.4382,26.2401,33.7215,42.5174,63.1965,76.8941,12.5211,20.2488,27.9406,37.2807,59.6973,74.668,reconstructed
2025-07-15,98657740000.0,18.4342,26.2356,33.7219,42.5116,63.2434,76.9447,12.519,20.2444,27.9431,37.2762,59.75,74.7243,reconstructed-daily
2025-07-16,98671560000.0,18.4363,26.2374,33.7257,42.5117,63.1986,76.8998,12.5177,20.2409,27.9444,37.2705,59.6982,74.674,reconstructed-daily
2025-07-17,98685200000.0,18.4461,26.2317,33.7128,42.4895,63.1372,76.8321,12.5175,20.2242,27.9214,37.2416,59.6252,74.5968,reconstructed-daily
2025-07-18,98698980000.0,18.3452,26.1312,33.4425,42.1967,63.012,76.7988,12.4047,20.0728,27.6164,36.9197,59.488,74.5599,reconstructed-daily
2025-07-19,98712580000.0,18.3411,26.1267,33.4233,42.1635,62.9693,76.7644,12.4026,20.0612,27.5974,36.8834,59.4417,74.5229,reconstructed-daily
2025-07-20,98726370000.0,18.3663,26.1565,33.5148,42.338,63.3262,76.967,12.3782,20.2564,27.9706,37.3859,60.076,74.9073,reconstructed-daily
2025-07-21,98740090000.0,18.3534,26.1432,33.5089,42.337,63.2754,76.9397,12.3749,20.2518,27.9731,37.3911,60.0257,74.8806,reconstructed
2025-07-22,98753830000.0,18.3889,26.1385,33.5105,42.3391,63.2481,76.9097,12.3782,20.2146,27.9459,37.3697,59.9798,74.8379,reconstructed-daily
2025-07-23,98767670000.0,18.3615,26.1094,33.5698,42.3774,63.2623,76.9404,12.398,20.0288,27.7512,37.1103,59.7551,74.7114,reconstructed-daily
2025-07-24,98781420000.0,18.3019,26.0494,33.5305,42.3396,63.1632,76.8123,12.3883,20.014,27.7651,37.1123,59.6721,74.5869,reconstructed-daily
2025-07-25,98795090000.0,18.3088,26.0561,33.5038,42.295,63.0572,76.7609,12.3877,20.012,27.7292,37.0514,59.5521,74.5283,reconstructed-daily
2025-07-26,98808850000.0,18.1954,25.9261,33.4971,42.2528,63.0096,76.658,12.2734,19.9122,27.7303,37.0186,59.5049,74.4184,reconstructed-daily
2025-07-27,98822610000.0,18.2553,25.9856,33.5254,42.2713,63.0156,76.6532,12.2815,19.9261,27.7163,36.9952,59.4918,74.4054,reconstructed-daily
2025-07-28,98836340000.0,18.2637,25.9936,33.5112,42.2361,63.0468,76.6583,12.2999,19.9439,27.7093,36.9647,59.5334,74.4162,reconstructed
2025-07-29,98850100000.0,18.1977,25.9272,33.4436,42.1686,62.972,76.5858,12.2873,19.9241,27.6814,36.9287,59.4693,74.3426,reconstructed-daily
2025-07-30,98863880000.0,18.1852,25.9142,33.4204,42.124,62.9173,76.5352,12.2614,19.9,27.6691,36.8748,59.4109,74.2931,reconstructed-daily
2025-07-31,98877490000.0,18.1642,25.8866,33.1669,41.8689,62.7623,76.4228,12.2575,19.8542,27.3858,36.6099,59.252,74.1777,reconstructed-daily
2025-08-01,98891300000.0,18.0816,25.8036,33.0667,41.768,62.6899,76.3885,12.2452,19.8349,27.3411,36.5569,59.2108,74.1624,reconstructed-daily
2025-08-02,98905090000.0,18.0777,25.7718,33.0267,41.7282,62.7003,76.4281,12.2415,19.7865,27.2985,36.5148,59.2253,74.2051,reconstructed-daily
2025-08-03,98918780000.0,18.0693,25.7632,33.0191,41.731,62.6978,76.4349,12.2391,19.7835,27.2962,36.5234,59.2278,74.2141,reconstructed-daily
2025-08-04,98932560000.0,18.2375,25.931,33.1583,41.8085,62.6959,76.4022,12.2605,19.8188,27.2963,36.4911,59.1501,74.1295,reconstructed
2025-08-05,98946190000.0,17.9837,25.677,32.8914,41.5607,62.5682,76.3401,12.2244,19.7612,27.2038,36.3995,59.1198,74.134,reconstructed-daily
2025-08-06,98959980000.0,17.9687,25.6617,32.8653,41.5344,62.5286,76.2882,12.2207,19.7561,27.1857,36.3798,59.0816,74.0813,reconstructed-daily
2025-08-07,98973650000.0,17.9755,25.6682,32.8582,41.5265,62.4518,76.208,12.2195,19.7552,27.1702,36.3638,58.9934,73.9923,reconstructed-daily
2025-08-08,98987440000.0,17.9726,25.6652,32.8637,41.5315,62.4418,76.1831,12.2176,19.753,27.1773,36.3703,58.9821,73.9655,reconstructed-daily
2025-08-09,99001120000.0,17.6534,25.3457,32.6359,41.3772,62.3747,76.12,11.8819,19.4159,26.9575,36.2232,58.9161,73.9006,reconstructed-daily
2025-08-10,99014880000.0,17.6713,25.3632,32.6454,41.3864,62.4449,76.1726,11.893,19.4274,26.961,36.2273,58.9883,73.9557,reconstructed-daily
2025-08-11,99028710000.0,17.5212,25.2052,32.6264,41.3531,62.376,76.0681,11.6948,19.3298,26.9576,36.2087,58.9148,73.8372,reconstructed
2025-08-12,99042440000.0,17.5097,25.1936,32.615,41.3445,62.3491,76.0522,11.6918,19.3259,26.9532,36.2133,58.8906,73.8227,reconstructed-daily
2025-08-13,99056180000.0,17.5113,25.1949,32.636,41.3651,62.3505,76.0512,11.693,19.3287,26.9795,36.2413,58.903,73.8317,reconstructed-daily
2025-08-14,99070000000.0,17.528,25.2112,32.6509,41.3591,62.3319,76.0111,11.6937,19.3306,26.9813,36.2222,58.8745,73.7825,reconstructed-daily
2025-08-15,99083740000.0,17.5344,25.2171,32.6506,41.3384,62.3006,75.9858,11.6933,19.3307,26.9756,36.1951,58.8374,73.752,reconstructed-daily
2025-08-16,99097510000.0,17.5298,25.206,32.6461,41.3316,62.3106,75.9904,11.6918,19.3221,26.9743,36.1915,58.8532,73.7568,reconstructed-daily
2025-08-17,99111400000.0,17.5201,25.1959,32.6371,41.3187,62.2739,75.9535,11.6891,19.3184,26.9712,36.1827,58.8171,73.7188,reconstructed-daily
2025-08-18,99125260000.0,17.5159,25.1914,32.6363,41.2964,62.2766,75.9772,11.6883,19.3178,26.9753,36.1709,58.8273,73.743,reconstructed
2025-08-19,99138810000.0,17.5002,25.1754,32.6135,41.2723,62.2287,75.9177,11.6832,19.3103,26.9582,36.1496,58.7725,73.6857,reconstructed-daily
2025-08-20,99152750000.0,17.4861,25.1609,32.6014,41.2608,62.2319,75.8969,11.6803,19.3062,26.9559,36.147,58.7843,73.666,reconstructed-daily
2025-08-21,99166580000.0,17.501,25.1753,32.6147,41.2684,62.2287,75.8928,11.6809,19.3079,26.9579,36.1448,58.7746,73.6563,reconstructed-daily
2025-08-22,99180440000.0,17.4814,25.1552,32.5934,41.267,62.2475,75.852,11.6747,19.3001,26.9477,36.1479,58.8022,73.6157,reconstructed-daily
2025-08-23,99194110000.0,17.4845,25.158,32.5986,41.2715,62.2053,75.8346,11.6795,19.2997,26.9507,36.1508,58.7564,73.5946,reconstructed-daily
2025-08-24,99207900000.0,17.5068,25.1758,32.632,41.3091,62.2517,75.8699,11.6757,19.2988,26.969,36.1765,58.7981,73.6257,reconstructed-daily
2025-08-25,99221740000.0,17.5132,25.1817,32.6405,41.3175,62.2599,75.8672,11.6752,19.301,26.9725,36.1807,58.8043,73.6203,reconstructed
2025-08-26,99235470000.0,17.4846,25.1526,32.6318,41.3133,62.2556,75.8712,11.6708,19.3178,26.9864,36.1975,58.8129,73.6308,reconstructed-daily
2025-08-27,99249370000.0,17.4961,25.1764,32.6651,41.3669,62.3035,75.913,11.6704,19.3456,27.0116,36.246,58.8608,73.6738,reconstructed-daily
2025-08-28,99262960000.0,17.4904,25.2087,32.6441,41.346,62.289,75.8987,11.6972,19.3461,26.9936,36.2281,58.8458,73.6577,reconstructed-daily
2025-08-29,99276730000.0,17.5192,25.2689,32.6467,41.3438,62.3131,75.8928,11.7503,19.4038,26.988,36.217,58.8676,73.6522,reconstructed-daily
2025-08-30,99290450000.0,17.5006,25.2564,32.6332,41.3314,62.2801,75.8391,11.7442,19.403,26.9846,36.213,58.8358,73.5985,reconstructed-daily
2025-08-31,99304210000.0,17.4952,25.2527,32.7969,41.4766,62.3083,75.8142,11.7424,19.4416,27.1805,36.3648,58.8697,73.5715,reconstructed-daily
2025-09-01,99318020000.0,17.6365,25.4018,32.7063,41.3245,62.2396,75.8397,11.8566,19.5296,27.0186,36.1694,58.7789,73.5872,reconstructed
2025-09-02,99331750000.0,17.6417,25.4254,32.7289,41.3465,62.2653,75.8579,11.8556,19.5492,27.0376,36.1881,58.8027,73.6057,reconstructed-daily
2025-09-03,99345620000.0,17.6455,25.4365,32.739,41.3364,62.2489,75.8332,11.855,19.5574,27.0454,36.1747,58.7841,73.5762,reconstructed-daily
2025-09-04,99359540000.0,17.8661,25.6595,32.959,41.4838,62.2658,75.8198,12.0778,19.7847,27.2713,36.3055,58.7932,73.5556,reconstructed-daily
2025-09-05,99373250000.0,17.8951,25.7082,33.0066,41.5309,62.25,75.7974,12.0801,19.8112,27.2993,36.3357,58.7617,73.5224,reconstructed-daily
2025-09-06,99387030000.0,17.9031,25.6981,33.0156,41.5712,62.2616,75.7894,12.078,19.7905,27.317,36.3727,58.7702,73.5098,reconstructed-daily
2025-09-07,99400820000.0,17.9026,25.7027,33.0192,41.5746,62.2897,75.8096,12.0775,19.7965,27.3227,36.3793,58.797,73.5292,reconstructed-daily
2025-09-08,99414510000.0,17.8984,25.7015,33.0171,41.5733,62.3079,75.81,12.0755,19.7979,27.3229,36.3801,58.8179,73.5303,reconstructed
2025-09-09,99428300000.0,17.9223,25.7197,33.0338,41.5544,62.2844,75.7878,12.0775,19.7958,27.3101,36.3425,58.7798,73.498,reconstructed-daily
2025-09-10,99442040000.0,17.9123,25.6994,32.9882,41.501,62.2077,75.7275,12.0748,19.7813,27.2599,36.2904,58.6991,73.4341,reconstructed-daily
2025-09-11,99455710000.0,17.9139,25.6991,32.9839,41.5017,62.2142,75.7235,12.0735,19.7784,27.253,36.2892,58.7048,73.4287,reconstructed-daily
2025-09-12,99469290000.0,17.9144,25.6898,32.9687,41.4712,62.1597,75.6569,12.0714,19.7652,27.2339,36.2522,58.6467,73.3569,reconstructed-daily
2025-09-13,99483080000.0,17.8715,25.6428,32.9202,41.4379,62.1099,75.5822,12.0635,19.7491,27.2123,36.2428,58.6128,73.2886,reconstructed-daily
2025-09-14,99496880000.0,17.8628,25.6248,32.9016,41.418,62.0952,75.5742,12.0612,19.7363,27.1985,36.2273,58.599,73.2811,reconstructed-daily
2025-09-15,99510640000.0,17.8738,25.6337,32.9081,41.4157,62.094,75.5857,12.0607,19.7343,27.1885,36.2145,58.594,73.2915,reconstructed
2025-09-16,99524620000.0,17.8401,25.6081,32.8814,41.365,62.0271,75.551,12.0208,19.7037,27.1571,36.1524,58.5191,73.2525,reconstructed-daily
2025-09-17,99538420000.0,17.8343,25.6035,32.8758,41.3866,62.054,75.5426,12.0185,19.7023,27.1493,36.179,58.5509,73.2448,reconstructed-daily
2025-09-18,99552300000.0,17.8116,25.5888,32.8601,41.4015,62.0117,75.5128,12.014,19.7049,27.1482,36.2201,58.5137,73.2185,reconstructed-daily
2025-09-19,99565950000.0,17.8151,25.6131,32.8834,41.4109,61.9988,75.5133,12.0136,19.7282,27.1713,36.2237,58.4953,73.2164,reconstructed-daily
2025-09-20,99579670000.0,17.808,25.611,32.8804,41.4034,61.9715,75.4857,12.011,19.7307,27.1733,36.2191,58.4685,73.1882,reconstructed-daily
2025-09-21,99593590000.0,17.8172,25.6236,32.8919,41.3942,61.955,75.5438,12.0104,19.7345,27.1776,36.2,58.4474,73.2496,reconstructed-daily
2025-09-22,99607350000.0,17.85,25.6871,32.9773,41.5118,62.0802,75.6319,12.0149,19.7769,27.2619,36.3107,58.5628,73.3325,reconstructed
2025-09-23,99621160000.0,17.8217,25.6622,32.9461,41.6263,62.2037,75.7022,12.0094,19.7728,27.27,36.4598,58.7112,73.418,reconstructed-daily
2025-09-24,99635020000.0,17.8305,25.6716,32.9545,41.5151,61.9784,75.4845,12.0102,19.7759,27.264,36.3287,58.4555,73.1738,reconstructed-daily
2025-09-25,99648810000.0,17.8391,25.6804,32.9623,41.5313,61.9998,75.5195,12.0098,19.7767,27.2646,36.3378,58.4747,73.2093,reconstructed-daily
2025-09-26,99662540000.0,17.8777,25.7298,32.9895,41.5403,62.0053,75.5139,12.011,19.7917,27.2572,36.3129,58.471,73.1969,reconstructed-daily
2025-09-27,99676270000.0,17.906,25.7609,33.0196,41.6365,62.2091,75.7213,12.0157,19.8037,27.2722,36.4076,58.6733,73.4103,reconstructed-daily
2025-09-28,99689960000.0,17.9067,25.7716,33.0294,41.6405,62.21,75.7246,12.0131,19.8115,27.279,36.41,58.6784,73.4161,reconstructed-daily
2025-09-29,99703780000.0,17.8955,25.7585,33.0152,41.6273,62.2005,75.7157,12.0109,19.807,27.2735,36.4025,58.6696,73.4074,reconstructed
2025-09-30,99717550000.0,17.8913,25.7536,33.0093,41.6238,62.2173,75.738,12.0085,19.8035,27.2695,36.3979,58.6906,73.4335,reconstructed-daily
2025-10-01,99731340000.0,17.909,25.7715,33.0263,41.6411,62.2578,75.7665,12.0096,19.8068,27.2749,36.4089,58.7247,73.4586,reconstructed-daily
2025-10-02,99745170000.0,17.874,25.7451,32.9988,41.6096,62.1914,75.7062,11.9846,19.7904,27.2573,36.3815,58.6563,73.3954,reconstructed-daily
2025-10-03,99759000000.0,17.9052,25.7783,33.031,41.635,62.2324,75.7351,11.9876,19.7986,27.2683,36.3897,58.6855,73.4169,reconstructed-daily
2025-10-04,99772870000.0,17.9332,25.8363,33.0904,41.679,62.2684,75.7842,11.9892,19.8355,27.3096,36.4143,58.7137,73.4636,reconstructed-daily
2025-10-05,99786600000.0,17.9386,25.8463,33.0994,41.6827,62.2695,75.7765,11.9884,19.8404,27.3147,36.4141,58.7119,73.4532,reconstructed-daily
2025-10-06,99800440000.0,17.8995,25.8201,33.0722,41.6455,62.2529,75.7977,11.9817,19.8448,27.316,36.3999,58.7127,73.4875,reconstructed
2025-10-07,99814100000.0,17.8981,25.8015,33.0527,41.6251,62.2368,75.7746,11.9792,19.8229,27.2927,36.3751,58.6977,73.4642,reconstructed
2025-10-08,99827890000.0,17.8865,25.8048,33.0516,41.629,62.2387,75.7903,11.9764,19.8359,27.3011,36.3878,58.7045,73.4838,reconstructed
2025-10-09,99841540000.0,17.9133,25.8238,33.0696,41.6448,62.2425,75.7934,11.9785,19.8319,27.2994,36.3858,58.6959,73.4791,reconstructed
2025-10-10,99855350000.0,17.8848,25.8015,33.0464,41.6211,62.199,75.7396,11.9735,19.8317,27.2968,36.3798,58.6579,73.4274,reconstructed
2025-10-11,99869100000.0,17.8683,25.7953,33.0396,41.6114,62.2126,75.7582,11.9698,19.838,27.3022,36.3801,58.6795,73.4523,reconstructed
2025-10-12,99882890000.0,17.8265,25.7448,32.9881,41.5573,62.2132,75.7672,11.9164,19.7758,27.2401,36.3155,58.6772,73.4603,reconstructed
2025-10-13,99896750000.0,17.8041,25.7205,32.9629,41.5318,62.1851,75.7619,11.9122,19.768,27.2304,36.303,58.6552,73.4602,reconstructed
2025-10-14,99910660000.0,17.8232,25.7402,32.9815,41.5473,62.2254,75.8161,11.9136,19.7722,27.2327,36.3071,58.6893,73.5127,reconstructed
2025-10-15,99924480000.0,17.8339,25.7543,32.9946,41.5599,62.2168,75.8112,11.9138,19.7773,27.2383,36.3132,58.6737,73.5034,reconstructed
2025-10-16,99938320000.0,17.9303,25.8515,33.0908,41.6562,62.3032,75.9151,11.9249,19.7979,27.2667,36.3506,58.7249,73.5892,reconstructed
2025-10-17,99952020000.0,17.934,25.8564,33.0851,41.5495,62.2561,75.8674,11.9241,19.7992,27.2461,36.2221,58.6702,73.5348,reconstructed
2025-10-18,99965870000.0,17.9171,25.8396,33.0902,41.5498,62.1951,75.8148,11.9201,19.8057,27.2633,36.2322,58.6106,73.4824,reconstructed
2025-10-19,99979740000.0,17.9177,25.8347,33.0324,41.4913,62.1685,75.8015,11.9187,19.7866,27.1984,36.1668,58.5816,73.4671,reconstructed
2025-10-20,99993400000.0,17.8554,25.7826,32.9799,41.438,62.1224,75.7649,11.9093,19.7834,27.1898,36.1515,58.5581,73.4441,reconstructed
2025-10-21,100007230000.0,17.8482,25.7782,32.975,41.4323,62.1372,75.774,11.9073,19.7843,27.1901,36.1508,58.5755,73.455,reconstructed
2025-10-22,100021120000.0,17.7975,25.7278,32.9243,41.387,62.1007,75.7578,11.8508,19.7283,27.1339,36.1088,58.5353,73.437,reconstructed
2025-10-23,100034870000.0,17.8003,25.7287,32.9248,41.4449,62.135,75.8089,11.8496,19.7255,27.131,36.1694,58.572,73.4922,reconstructed
2025-10-24,100048730000.0,17.8136,25.7384,32.9343,41.4499,62.108,75.8008,11.8492,19.722,27.128,36.1625,58.5384,73.4805,reconstructed
2025-10-25,100062540000.0,17.8074,25.7334,32.9288,41.4373,62.0821,75.7734,11.847,19.7208,27.1261,36.1441,58.512,73.4517,reconstructed
2025-10-26,100076390000.0,17.8028,25.7274,32.9226,41.4284,62.0659,75.756,11.845,19.7172,27.1221,36.1368,58.4946,73.4334,reconstructed
2025-10-27,100089930000.0,17.783,25.7085,32.9035,41.4085,62.0264,75.7206,11.8413,19.7133,27.1167,36.129,58.4593,73.3992,reconstructed
2025-10-28,100103780000.0,17.6962,25.6226,32.8095,41.326,61.9285,75.6289,11.8282,19.6938,27.0668,36.1058,58.392,73.3245,reconstructed
2025-10-29,100117600000.0,17.7125,25.6324,32.8193,41.2909,61.8679,75.5833,11.8287,19.6886,27.0629,36.0486,58.3181,73.2695,reconstructed
2025-10-30,100131340000.0,17.7354,25.6536,32.84,41.3078,61.8851,75.5974,11.8304,19.6906,27.0666,36.048,58.3253,73.2775,reconstructed
2025-10-31,100145030000.0,17.7613,25.6782,32.8643,41.3313,61.9018,75.5884,11.8325,19.6938,27.0719,36.0587,58.3297,73.2592,reconstructed
2025-11-01,100158890000.0,17.7701,25.6802,32.8664,41.3751,61.9511,75.6134,11.8515,19.7057,27.0839,36.1216,58.3812,73.2865,reconstructed
2025-11-02,100172690000.0,17.7502,25.6705,32.8561,41.3567,61.932,75.6211,11.8436,19.7077,27.0842,36.1116,58.3677,73.2993,reconstructed
2025-11-03,100186460000.0,17.7602,25.688,32.8713,41.3548,61.9306,75.6208,11.8511,19.7171,27.092,36.1019,58.3599,73.2956,reconstructed
2025-11-04,100200320000.0,17.7775,25.7033,32.8863,41.3571,61.9086,75.5997,11.8567,19.7235,27.0991,36.096,58.3306,73.2691,reconstructed
2025-11-05,100214030000.0,17.779,25.7072,32.8898,41.2724,61.8151,75.5774,11.8581,19.7252,27.1006,35.9933,58.2285,73.2444,reconstructed
2025-11-06,100227890000.0,17.8566,25.729,32.9114,41.2718,61.8065,75.5168,11.8607,19.683,27.0661,35.9392,58.1744,73.1493,reconstructed
2025-11-07,100241690000.0,17.8527,25.713,32.8953,41.2395,61.7323,75.4607,11.8704,19.6761,27.0558,35.9069,58.1116,73.0999,reconstructed
2025-11-08,100255400000.0,17.797,25.6478,32.8296,41.1647,61.6726,75.4222,11.8473,19.6393,27.0153,35.8527,58.0639,73.0694,reconstructed
2025-11-09,100269310000.0,17.7845,25.6316,32.8125,41.1553,61.671,75.4177,11.857,19.6434,27.0171,35.8612,58.0705,73.0697,reconstructed
2025-11-10,100283120000.0,17.7785,25.6314,32.812,41.2201,61.7057,75.4244,11.8543,19.6467,27.0195,35.9387,58.1115,73.0792,reconstructed
2025-11-11,100297050000.0,17.7365,25.5914,32.7718,41.1809,61.6641,75.3987,11.8575,19.6479,27.0166,35.9321,58.0882,73.0657,reconstructed
2025-11-12,100310890000.0,17.7357,25.5904,32.7706,41.1817,61.6656,75.4034,11.8442,19.6357,27.0055,35.9248,58.0836,73.0665,reconstructed
2025-11-13,100324670000.0,17.7469,25.5945,32.7746,41.1849,61.6696,75.3749,11.8451,19.6307,27.0018,35.9222,58.0785,73.0295,reconstructed
2025-11-14,100338460000.0,17.7739,25.62,32.7995,41.1817,61.6864,75.4023,11.8425,19.6294,27.0029,35.8958,58.0818,73.0488,reconstructed
2025-11-15,100352290000.0,17.7821,25.636,32.8149,41.2081,61.7294,75.4256,11.8414,19.6375,27.0107,35.916,58.1271,73.0731,reconstructed
2025-11-16,100366150000.0,17.7864,25.6512,32.8301,41.1944,61.7609,75.4378,11.8407,19.6494,27.0234,35.8977,58.1583,73.0842,reconstructed
2025-11-17,100379990000.0,17.7995,25.6814,32.86,41.2166,61.7688,75.4249,11.8406,19.6692,27.0438,35.9059,58.1615,73.0666,reconstructed
2025-11-18,100393770000.0,17.7914,25.6807,32.8366,41.1925,61.72,75.365,11.8379,19.6741,27.0231,35.8835,58.1109,73.0032,reconstructed
2025-11-19,100407580000.0,17.829,25.715,32.8706,41.227,61.7257,75.3911,11.8418,19.6781,27.0304,35.8956,58.099,73.0193,reconstructed
2025-11-20,100421400000.0,17.817,25.7245,32.8803,41.2298,61.6886,75.367,11.841,19.6982,27.0499,35.9028,58.0626,72.9956,reconstructed
2025-11-21,100435240000.0,17.8178,25.7277,32.8832,41.2318,61.6712,75.3518,11.8437,19.7003,27.0522,35.9045,58.0426,72.9776,reconstructed
2025-11-22,100449080000.0,17.7753,25.6846,32.8397,41.1943,61.7146,75.3673,11.8366,19.6895,27.0377,35.8929,58.1072,73.0066,reconstructed
2025-11-23,100462850000.0,17.7749,25.6815,32.8363,41.1841,61.7202,75.3687,11.8418,19.694,27.0413,35.8883,58.1169,73.0104,reconstructed
2025-11-24,100476700000.0,17.8047,25.7075,32.8618,41.2097,61.721,75.3377,11.8322,19.6866,27.0367,35.888,58.0979,72.9639,reconstructed
2025-11-25,100490560000.0,17.7875,25.6807,32.8349,41.1801,61.6869,75.3169,11.8297,19.6731,27.0227,35.8704,58.0636,72.9431,reconstructed
2025-11-26,100504290000.0,17.7968,25.6943,32.8479,41.1895,61.6779,75.3081,11.8357,19.679,27.029,35.8738,58.0475,72.9297,reconstructed
2025-11-27,100518040000.0,17.882,25.7673,32.9205,41.2634,61.7195,75.3405,11.8361,19.68,27.0371,35.8962,58.0511,72.9382,reconstructed
2025-11-28,100531720000.0,17.8728,25.754,32.937,41.2713,61.7049,75.334,11.833,19.6716,27.0606,35.9063,58.0402,72.9344,reconstructed
2025-11-29,100545480000.0,17.8862,25.7689,32.9625,41.2806,61.7034,75.3303,11.834,19.6759,27.0641,35.9071,58.0293,72.9245,reconstructed
2025-11-30,100559400000.0,17.8888,25.7698,32.9634,41.2769,61.6815,75.3137,11.842,19.6814,27.0689,35.9061,58.0091,72.9087,reconstructed
2025-12-01,100573190000.0,17.918,25.7961,32.9893,41.293,61.7205,75.3889,11.8448,19.684,27.07,35.9038,58.0375,72.9813,reconstructed
2025-12-02,100586970000.0,17.898,25.7654,32.963,41.3374,61.8272,75.4459,11.8343,19.6614,27.0515,35.9667,58.1578,73.0462,reconstructed
2025-12-03,100600860000.0,17.9129,25.7767,32.974,41.3475,61.8354,75.4564,11.8349,19.6595,27.0509,35.9668,58.159,73.0528,reconstructed
2025-12-04,100614670000.0,17.9444,25.8055,33.0026,41.3753,61.9055,75.5413,11.8371,19.6614,27.055,35.9724,58.2227,73.1375,reconstructed
2025-12-05,100628470000.0,17.9353,25.8045,33.0012,41.3729,61.9048,75.5269,11.8347,19.6676,27.0603,35.9761,58.2241,73.1234,reconstructed
2025-12-06,100642300000.0,17.9359,25.8069,33.003,41.3749,61.9037,75.525,11.8323,19.6667,27.0585,35.974,58.2255,73.1231,reconstructed
2025-12-07,100656070000.0,17.9217,25.7847,32.9809,41.336,61.8681,75.5017,11.8297,19.6548,27.046,35.9423,58.1904,73.0997,reconstructed
2025-12-08,100670000000.0,17.9345,25.8085,33.0047,41.3516,61.887,75.5158,11.8332,19.6687,27.0612,35.9462,58.2041,73.1106,reconstructed
2025-12-09,100683860000.0,17.9441,25.8145,33.0103,41.3619,61.8872,75.5012,11.83,19.6659,27.059,35.9504,58.1983,73.091,reconstructed
2025-12-10,100697740000.0,17.9456,25.8188,33.0143,41.3651,61.8763,75.4837,11.8318,19.6683,27.0615,35.9517,58.1839,73.0703,reconstructed
2025-12-11,100711550000.0,17.903,25.7744,32.9696,41.3376,61.8356,75.4493,11.8234,19.6563,27.0461,35.9556,58.1575,73.0442,reconstructed
2025-12-12,100725450000.0,17.8897,25.7611,32.9557,41.3066,61.8184,75.4395,11.8202,19.6521,27.0403,35.9261,58.1443,73.037,reconstructed
2025-12-13,100739250000.0,17.8983,25.7697,32.9637,41.3653,61.8978,75.4842,11.8199,19.6529,27.0414,35.9878,58.227,73.0831,reconstructed
2025-12-14,100752880000.0,17.8591,25.7303,32.9235,41.3122,61.8103,75.4401,11.8131,19.6425,27.027,35.9553,58.1496,73.0464,reconstructed
2025-12-15,100766790000.0,17.8672,25.7381,32.9314,41.3219,61.7967,75.4423,11.8107,19.6415,27.0277,35.9613,58.1264,73.0432,reconstructed
2025-12-16,100780620000.0,17.871,25.7306,32.9238,41.3044,61.7775,75.421,11.8086,19.6287,27.0153,35.9372,58.1035,73.0181,reconstructed
2025-12-17,100794390000.0,17.8612,25.7245,32.9173,41.3389,61.7973,75.4303,11.8105,19.6373,27.0257,35.9716,58.1133,73.0203,reconstructed
2025-12-18,100808360000.0,17.8707,25.7356,32.9277,41.3372,61.8097,75.4341,11.8117,19.6398,27.0285,35.9624,58.1223,73.0213,reconstructed
2025-12-19,100822220000.0,17.8493,25.7255,32.9173,41.232,61.7401,75.4218,11.8191,19.6443,27.0301,35.8636,58.0601,73.0166,reconstructed
2025-12-20,100836020000.0,17.8152,25.7093,32.9014,41.2074,61.7147,75.3953,11.8341,19.6562,27.0401,35.8571,58.0453,72.9961,reconstructed
2025-12-21,100849920000.0,17.8003,25.6957,32.8878,41.1936,61.7099,75.4139,11.8332,19.6536,27.0367,35.8499,58.0452,73.0199,reconstructed
2025-12-22,100863700000.0,17.8469,25.7604,32.9028,41.2354,61.8156,75.4556,11.9157,19.7347,27.0621,35.9146,58.1676,73.0696,reconstructed
2025-12-23,100877650000.0,17.8466,25.7539,32.8948,41.2199,61.7961,75.4309,11.9176,19.7258,27.0514,35.8991,58.1471,73.0431,reconstructed
2025-12-24,100891480000.0,17.8539,25.7591,32.8999,41.2323,61.8037,75.4443,11.9169,19.7266,27.0539,35.8975,58.1456,73.0515,reconstructed
2025-12-25,100905180000.0,17.8647,25.7696,32.9105,41.1992,61.78,75.4233,11.9169,19.7272,27.0555,35.854,58.1149,73.0254,reconstructed
2025-12-26,100918940000.0,17.8676,25.7723,32.9131,41.203,61.7909,75.4378,11.9163,19.7273,27.0561,35.8522,58.1234,73.0389,reconstructed
2025-12-27,100932780000.0,17.8824,25.6271,32.7678,41.0535,61.5207,75.2344,11.8479,19.5444,26.8754,35.6603,57.8147,72.8073,reconstructed
2025-12-28,100946620000.0,17.8559,25.5237,32.6094,40.9055,61.3848,75.1326,11.8432,19.4532,26.722,35.5175,57.6761,72.7024,reconstructed
2025-12-29,100960350000.0,17.8643,25.5045,32.5144,40.7907,61.2397,75.0039,11.8429,19.3841,26.5946,35.3838,57.5135,72.5575,reconstructed
2025-12-30,100974170000.0,17.8534,25.4934,32.4487,40.7396,61.1296,74.9015,11.8401,19.3804,26.5302,35.3397,57.3966,72.4477,reconstructed
2025-12-31,100988010000.0,17.8321,25.4719,32.3645,40.6407,61.0744,74.8909,11.835,19.3731,26.4419,35.2464,57.3503,72.4442,reconstructed
2026-01-01,101001750000.0,17.8397,25.4744,32.367,40.6277,61.0691,74.8839,11.8345,19.3678,26.4374,35.2258,57.341,72.4339,reconstructed
2026-01-02,101015530000.0,17.8387,25.4732,32.3656,40.6111,61.0448,74.8535,11.8322,19.3649,26.434,35.2114,57.3169,72.4021,reconstructed
2026-01-03,101029390000.0,17.824,25.4584,32.3509,40.5998,60.9618,74.7866,11.8291,19.3608,26.4292,35.2012,57.2327,72.3321,reconstructed
2026-01-04,101043100000.0,17.8275,25.4618,32.3542,40.6053,60.9158,74.7507,11.8278,19.3598,26.4282,35.2052,57.1798,72.2918,reconstructed
2026-01-05,101056840000.0,17.8379,25.4726,32.3652,40.6156,60.9296,74.7242,11.8277,19.3613,26.4309,35.2082,57.1901,72.259,reconstructed
2026-01-06,101070600000.0,17.8037,25.4383,32.3304,40.5062,60.8459,74.6788,11.8219,19.3527,26.4194,35.1054,57.1139,72.2189,reconstructed
2026-01-07,101084510000.0,17.5857,25.4297,32.4719,40.6461,60.8654,74.6527,11.5882,19.3881,26.5801,35.2645,57.1385,72.1925,reconstructed
2026-01-08,101098370000.0,17.5373,25.3305,32.3725,40.5745,60.8842,74.6626,11.4804,19.275,26.4681,35.1789,57.1502,72.1981,reconstructed
2026-01-09,101112170000.0,17.54,25.3326,32.3739,40.5671,60.8381,74.6277,11.4781,19.2717,26.4637,35.1749,57.1032,72.1615,reconstructed
2026-01-10,101126060000.0,17.5504,25.3426,32.3839,40.5799,60.8225,74.5979,11.478,19.2722,26.4652,35.1806,57.0805,72.1251,reconstructed
2026-01-11,101139980000.0,17.5531,25.345,32.3859,40.5801,60.7878,74.5616,11.4784,19.2739,26.4678,35.1692,57.035,72.0801,reconstructed
2026-01-12,101153690000.0,17.5594,25.351,32.3919,40.595,60.771,74.5399,11.4771,19.2723,26.4669,35.1793,57.0159,72.0559,reconstructed
2026-01-13,101167480000.0,17.5606,25.3629,32.4038,40.6056,60.7336,74.5232,11.4757,19.283,26.4778,35.1895,56.9738,72.037,reconstructed
2026-01-14,101181380000.0,17.5635,25.1621,32.204,40.498,60.7728,74.5289,11.4758,19.0602,26.2571,35.073,57.0081,72.0393,reconstructed
2026-01-15,101195300000.0,17.5301,25.1285,32.17,40.4879,60.7334,74.5146,11.4554,19.0416,26.2401,35.0453,56.9537,72.0166,reconstructed
2026-01-16,101209090000.0,17.5299,25.1281,32.138,40.4738,60.7213,74.5189,11.4586,19.0443,26.1855,35.0028,56.9225,72.0097,reconstructed
2026-01-17,101222790000.0,17.5338,25.1317,32.1439,40.4727,60.718,74.5144,11.4579,19.0441,26.1859,34.9963,56.9155,72.0025,reconstructed
2026-01-18,101236550000.0,17.5294,25.1272,32.1397,40.4554,60.7167,74.5303,11.4561,19.0419,26.1833,34.9731,56.9153,72.021,reconstructed
2026-01-19,101250400000.0,17.509,25.1368,32.2083,40.4898,60.6542,74.4419,11.4521,19.0731,26.284,35.0244,56.8544,71.9293,reconstructed
2026-01-20,101264250000.0,17.5385,25.1256,32.2078,40.4885,60.6453,74.4488,11.4562,19.0326,26.2472,34.991,56.8226,71.9233,reconstructed
2026-01-21,101278080000.0,17.5406,25.1273,32.2438,40.496,60.6272,74.4266,11.4548,19.0311,26.2853,34.9927,56.8018,71.8985,reconstructed
2026-01-22,101291920000.0,17.5561,25.1428,32.2587,40.5102,60.6314,74.4229,11.4553,19.0331,26.2881,34.9964,56.7966,71.8892,reconstructed
2026-01-23,101305720000.0,17.5407,25.1271,32.1851,40.4358,60.6102,74.4332,11.4528,19.0265,26.2131,34.9198,56.7786,71.903,reconstructed
2026-01-24,101319550000.0,17.5735,25.1597,32.1863,40.4367,60.6319,74.4426,11.4552,18.9992,26.1858,34.8956,56.7859,71.9024,reconstructed
2026-01-25,101333440000.0,17.5821,25.1679,32.1461,40.3957,60.5493,74.406,11.4546,18.9991,26.1325,34.8426,56.6907,71.8587,reconstructed
2026-01-26,101347270000.0,17.578,25.1635,32.1326,40.3726,60.5258,74.3668,11.4531,18.9976,26.1168,34.8152,56.6642,71.8152,reconstructed
2026-01-27,101361200000.0,17.5788,25.164,32.092,40.3313,60.4845,74.3321,11.4517,18.9958,26.0713,34.769,56.6184,71.7769,reconstructed
2026-01-28,101374960000.0,17.5953,25.1799,32.0646,40.2519,60.4825,74.345,11.4523,18.9974,26.0173,34.6717,56.608,71.7857,reconstructed
2026-01-29,101388770000.0,17.5904,25.1742,32.0776,40.254,60.4483,74.3263,11.4501,18.9938,26.0399,34.6814,56.5752,71.7683,reconstructed
2026-01-30,101402400000.0,17.5916,25.1747,32.0814,40.2283,60.4185,74.3081,11.4493,18.9928,26.0393,34.6479,56.5403,71.7465,reconstructed
2026-01-31,101416330000.0,17.5824,25.1633,32.0714,40.2192,60.3883,74.2776,11.4452,18.9875,26.0338,34.6438,56.5104,71.7153,reconstructed
2026-02-01,101430060000.0,17.6086,25.1891,32.064,40.2111,60.3898,74.2712,11.4475,18.9918,26.0013,34.6132,56.497,71.699,reconstructed
2026-02-02,101443930000.0,17.6717,25.2981,32.1699,40.3161,60.4385,74.3169,11.5529,19.0981,26.109,34.7211,56.5455,71.7457,reconstructed
2026-02-03,101457710000.0,17.5914,25.1621,32.0439,40.1891,60.377,74.2892,11.4433,18.9763,25.9856,34.5948,56.4875,71.7213,reconstructed
2026-02-04,101471610000.0,17.585,25.1559,32.0389,40.1784,60.3745,74.2834,11.4412,18.9741,25.9835,34.5862,56.487,71.7162,reconstructed
2026-02-05,101485310000.0,17.5879,25.1592,32.0452,40.184,60.3125,74.2418,11.4405,18.9747,25.9845,34.587,56.4143,71.6685,reconstructed
2026-02-06,101499040000.0,17.5725,25.1443,32.0474,40.1873,60.3019,74.2572,11.4365,18.9697,26.0029,34.6048,56.4126,71.6917,reconstructed
2026-02-07,101512790000.0,17.5694,25.1908,32.2808,40.3423,60.3761,74.3178,11.4397,19.07,26.2206,34.7465,56.4765,71.7468,reconstructed
2026-02-08,101526680000.0,17.6071,25.418,32.4827,40.4646,60.4188,74.3376,11.53,19.3189,26.4327,34.8774,56.522,71.7674,reconstructed
2026-02-09,101540580000.0,17.5955,25.2468,32.2638,40.2717,60.3559,74.3133,11.4404,19.1067,26.1604,34.6461,56.4405,71.7321,reconstructed
2026-02-10,101554360000.0,17.5449,25.079,32.1121,40.0453,60.1237,74.0969,11.43,18.9612,26.0579,34.4407,56.2177,71.5157,reconstructed
2026-02-11,101568200000.0,17.54,24.9888,32.002,39.9752,60.001,74.023,11.463,18.8437,25.9708,34.3837,56.0937,71.4413,reconstructed
2026-02-12,101582140000.0,17.5095,24.9911,31.9976,39.9703,59.973,73.983,11.4569,18.8708,25.9952,34.4024,56.0803,71.4086,reconstructed
2026-02-13,101595920000.0,17.5876,25.0473,32.0551,39.9551,59.976,73.944,11.4416,18.862,25.9771,34.3276,56.0433,71.3403,reconstructed
2026-02-14,101609830000.0,17.4121,24.9852,32.1733,40.0495,60.0224,73.9385,11.2457,18.831,26.1014,34.4272,56.0886,71.3317,reconstructed
2026-02-15,101623520000.0,17.3087,24.8819,32.0668,39.92,59.8869,73.856,11.1348,18.7197,25.9895,34.2876,55.9436,71.243,reconstructed
2026-02-16,101637340000.0,17.2789,24.8459,32.031,39.9105,59.883,73.8523,11.1201,18.6968,25.9654,34.2925,55.9484,71.2452,reconstructed
2026-02-17,101651030000.0,17.2997,24.8667,32.0539,39.9269,59.8824,73.8903,11.1215,18.7003,25.971,34.2933,55.9375,71.2794,reconstructed
2026-02-18,101664840000.0,17.2912,24.858,32.0437,39.9243,59.8683,73.8746,11.1189,18.6968,25.9652,34.2969,55.9264,71.2652,reconstructed
2026-02-19,101678740000.0,17.2914,24.8581,32.0458,39.9233,59.8612,73.8982,11.1178,18.6958,25.965,34.2936,55.9171,71.2905,reconstructed
2026-02-20,101692390000.0,17.3327,24.899,32.0879,39.9436,59.9411,74.0033,11.1216,18.703,25.9681,34.2845,55.9847,71.3928,reconstructed
2026-02-21,101706110000.0,17.34,24.9068,32.0955,39.9256,59.9526,74.0462,11.1212,18.704,25.969,34.2562,55.9938,71.4372,reconstructed
2026-02-22,101719950000.0,17.3333,24.9002,32.09,39.9052,59.9298,74.0437,11.1191,18.7017,25.9668,34.2372,55.971,71.4365,reconstructed
2026-02-23,101733650000.0,17.337,24.904,32.0942,39.9087,59.9604,74.0597,11.1183,18.7016,25.967,34.237,56.0026,71.4525,reconstructed
2026-02-24,101747510000.0,17.3314,24.8986,32.0865,39.9002,59.96,74.0651,11.1159,18.6989,25.9639,34.2325,56.0058,71.4606,reconstructed
2026-02-25,101761220000.0,17.3177,24.8843,32.0745,39.8848,59.9211,74.019,11.1124,18.6948,25.959,34.223,55.9671,71.4131,reconstructed
2026-02-26,101774990000.0,17.3483,24.9139,32.1055,39.9255,59.9665,74.0494,11.1149,18.699,25.9663,34.246,56.0004,71.4363,reconstructed
2026-02-27,101788800000.0,17.3459,24.9089,32.2977,40.0983,60.0225,74.0565,11.1108,18.7494,26.1956,34.434,56.0608,71.444,reconstructed
2026-02-28,101802630000.0,17.3681,24.9214,32.1249,39.9238,59.9137,74.037,11.1135,18.6896,25.9598,34.2174,55.925,71.4123,reconstructed
2026-03-01,101816520000.0,17.3748,24.927,32.133,39.9308,59.9206,74.0228,11.1132,18.6889,25.9606,34.2179,55.9278,71.3934,reconstructed
2026-03-02,101830340000.0,17.3684,24.9201,32.1221,39.9191,59.9581,74.0549,11.1105,18.6849,25.9568,34.2123,55.9741,71.432,reconstructed
2026-03-03,101844150000.0,17.3866,24.9378,32.1415,39.9377,59.9719,74.0697,11.1115,18.6873,25.9609,34.2176,55.9792,71.4418,reconstructed
2026-03-04,101858020000.0,17.3815,24.9328,32.1358,39.941,59.9664,74.0564,11.1094,18.6849,25.9586,34.2248,55.9756,71.4287,reconstructed
2026-03-05,101871770000.0,17.3821,24.9334,32.1363,39.9408,59.9358,74.0281,11.1083,18.6842,25.9567,34.2224,55.9403,71.3967,reconstructed
2026-03-06,101885670000.0,17.3767,24.928,32.1316,40.0112,60.0172,74.0791,11.1063,18.682,25.9544,34.3047,56.0313,71.4538,reconstructed
2026-03-07,101899420000.0,17.4173,24.9504,32.155,40.0339,60.0224,74.0793,11.0952,18.6693,25.9452,34.2987,56.0159,71.4403,reconstructed
2026-03-08,101913320000.0,17.419,24.952,32.1523,40.0303,60.0126,74.0616,11.0935,18.6674,25.9432,34.2957,56.0057,71.4213,reconstructed
2026-03-09,101927020000.0,17.419,24.9521,32.1596,40.0369,60.0327,74.0904,11.093,18.6679,25.9446,34.297,56.0243,71.4506,reconstructed
2026-03-10,101940900000.0,17.417,24.9432,32.1502,39.9639,60.0191,74.077,11.0804,18.6585,25.9352,34.2154,56.01,71.4362,reconstructed
2026-03-11,101954620000.0,17.4313,24.9485,32.1565,39.989,60.014,74.0685,11.0716,18.6505,25.9287,34.2313,55.9964,71.4218,reconstructed
2026-03-12,101968490000.0,17.4401,24.9548,32.162,39.9937,60.0213,74.0738,11.0686,18.6483,25.9271,34.2296,55.9999,71.4247,reconstructed
2026-03-13,101982150000.0,17.4256,24.9215,32.1284,39.9594,59.9753,74.0314,11.0542,18.6235,25.9013,34.2019,55.9558,71.3823,reconstructed
2026-03-14,101995870000.0,17.43,24.9257,32.1349,39.961,59.9762,74.0216,11.0536,18.6234,25.9022,34.1979,55.9529,71.3691,reconstructed
2026-03-15,102009720000.0,17.4268,24.9224,32.1318,39.9573,59.9793,74.0185,11.0519,18.6215,25.9001,34.195,55.9571,71.3661,reconstructed
2026-03-16,102023420000.0,17.4486,24.9442,32.1525,39.9851,60.0183,74.0392,11.0531,18.6247,25.9045,34.2096,55.9892,71.3818,reconstructed
2026-03-17,102037180000.0,17.4538,24.9436,32.1532,39.9836,60.0056,74.0248,11.0534,18.6185,25.899,34.2024,55.9709,71.3635,reconstructed
2026-03-18,102050820000.0,17.4737,24.9634,32.1724,40.0021,60.0757,74.0788,11.0554,18.6211,25.9037,34.2082,56.0386,71.4168,reconstructed
2026-03-19,102064500000.0,17.9918,25.3311,32.3509,40.1044,60.0823,74.0605,11.1186,18.5205,25.6668,33.9418,55.7909,71.2316,reconstructed
2026-03-20,102078260000.0,18.0074,25.3467,32.3825,40.1355,60.1196,74.0675,11.1221,18.5257,25.675,33.9525,55.8165,71.229,reconstructed
2026-03-21,102092010000.0,18.0026,25.3416,32.378,40.1308,60.0964,74.048,11.121,18.5233,25.6725,33.9495,55.7922,71.2082,reconstructed
2026-03-22,102105870000.0,18.0179,25.3564,32.3995,40.1626,60.1569,74.1091,11.1223,18.5251,25.6899,33.9719,55.8515,71.2705,reconstructed
2026-03-23,102119720000.0,18.0237,25.3615,32.4034,40.1658,60.1922,74.1302,11.1218,18.5241,25.6894,33.9711,55.8879,71.2922,reconstructed
2026-03-24,102133590000.0,18.019,25.3562,32.3937,40.168,60.183,74.1011,11.1197,18.5203,25.6851,33.9795,55.8816,71.2624,reconstructed
2026-03-25,102147250000.0,18.005,25.3417,32.3802,40.1538,60.2078,74.1306,11.1172,18.5158,25.68,33.9724,55.9161,71.2989,reconstructed
2026-03-26,102161060000.0,18.0055,25.3419,32.3807,40.1536,60.2029,74.1165,11.1166,18.5144,25.6791,33.9709,55.9098,71.2827,reconstructed
2026-03-27,102174800000.0,18.0047,25.3407,32.3865,40.1074,60.1051,74.0567,11.1168,18.5141,25.6794,33.9127,55.7973,71.2141,reconstructed
2026-03-28,102188650000.0,18.0014,25.3372,32.3783,40.0985,60.1203,74.0679,11.1153,18.5112,25.6761,33.9081,55.8178,71.2289,reconstructed
2026-03-29,102202270000.0,18.0033,25.334,32.3657,40.0853,60.1241,74.101,11.1139,18.5033,25.6668,33.8976,55.8255,71.2675,reconstructed
2026-03-30,102215910000.0,18.0188,25.3492,32.3698,40.0893,60.1499,74.1197,11.1139,18.5041,25.667,33.8996,55.852,71.2867,reconstructed
2026-03-31,102229660000.0,17.9418,25.2408,32.2877,40.031,60.1368,74.118,10.9967,18.3882,25.5551,33.8164,55.8261,71.2766,reconstructed
2026-04-01,102243380000.0,17.9415,25.2403,32.2881,40.0529,60.1571,74.1557,10.9963,18.3883,25.5543,33.8397,55.8471,71.3182,reconstructed
2026-04-02,102257010000.0,17.9159,25.2144,32.2513,40.0181,60.1202,74.13,10.9912,18.3803,25.5425,33.8279,55.8235,71.3011,reconstructed
2026-04-03,102270790000.0,17.9224,25.2208,32.2585,40.0148,60.1376,74.1493,10.9917,18.3818,25.5437,33.8182,55.8388,71.3198,reconstructed
2026-04-04,102284550000.0,17.9264,25.2246,32.253,40.0085,60.1305,74.1513,10.9906,18.3804,25.541,33.8143,55.833,71.3236,reconstructed
2026-04-05,102298190000.0,17.9308,25.2288,32.2592,40.0139,60.1348,74.1533,10.9909,18.3815,25.5417,33.8148,55.8335,71.3234,reconstructed
2026-04-06,102311780000.0,17.9625,25.2602,32.2925,39.9783,60.1418,74.1693,10.9943,18.3884,25.5504,33.7491,55.8261,71.3303,reconstructed
2026-04-07,102325510000.0,17.9651,25.2626,32.2962,39.9046,60.1291,74.1818,10.9941,18.3886,25.55,33.6636,55.8114,71.3434,reconstructed
2026-04-08,102339130000.0,18.0035,25.2022,32.2354,39.8448,60.152,74.2061,10.9558,18.2866,25.4501,33.5697,55.8177,71.3581,reconstructed
2026-04-09,102352870000.0,17.9495,25.1479,32.1837,39.8004,60.1952,74.2642,10.9489,18.2759,25.4344,33.5585,55.8916,71.4388,reconstructed
2026-04-10,102366610000.0,18.0519,25.2501,32.2888,39.9264,60.3009,74.3721,10.9612,18.2973,25.4678,33.6222,55.9566,71.5251,reconstructed
2026-04-11,102380380000.0,18.0411,25.2392,32.274,39.9148,60.2807,74.3503,10.9593,18.2947,25.4644,33.6171,55.9393,71.5043,reconstructed
2026-04-12,102394050000.0,18.0227,25.2205,32.2539,39.8122,60.2702,74.3565,10.9563,18.2907,25.4492,33.5153,55.938,71.5174,reconstructed
2026-04-13,102407840000.0,18.0287,25.2263,32.2559,39.8032,60.2758,74.3701,10.9531,18.2884,25.4464,33.5026,55.942,71.5308,reconstructed
2026-04-14,102421620000.0,18.0225,25.2188,32.2495,39.8167,60.29,74.3848,10.9519,18.2862,25.4429,33.521,55.96,71.5485,reconstructed
2026-04-15,102435370000.0,18.1372,25.3284,32.4837,40.2249,60.4665,74.4889,10.9658,18.3049,25.6238,33.8875,56.0958,71.6265,reconstructed
2026-04-16,102449080000.0,18.1197,25.3107,32.4468,40.2101,60.4372,74.4637,10.9631,18.3009,25.5967,33.8834,56.0713,71.6038,reconstructed
2026-04-17,102462830000.0,18.0561,25.2469,32.3109,40.105,60.3444,74.3717,10.9542,18.2873,25.5012,33.816,56.0011,71.5229,reconstructed
2026-04-18,102476670000.0,18.0625,25.2527,32.3207,40.1089,60.3433,74.3649,10.9548,18.2891,25.5007,33.8102,55.9931,71.511,reconstructed
2026-04-19,102490420000.0,18.0502,25.2398,32.3369,40.0827,60.3251,74.3543,10.9522,18.286,25.5287,33.7899,55.9788,71.5031,reconstructed
2026-04-20,102504210000.0,18.044,25.2329,32.4124,40.2066,60.4199,74.4075,10.9506,18.2844,25.6354,33.9312,56.0859,71.5635,reconstructed
2026-04-21,102518010000.0,18.1407,25.329,32.5103,40.3468,60.6138,74.5937,10.9617,18.3038,25.6704,34.0162,56.2533,71.7395,reconstructed
2026-04-22,102531750000.0,18.1239,25.3117,32.4937,40.3475,60.6261,74.6114,10.9585,18.2992,25.6862,34.0297,56.2762,71.7646,reconstructed
2026-04-23,102545570000.0,18.0947,25.2819,32.52,40.3792,60.6422,74.6296,10.9549,18.2948,25.7324,34.0801,56.3035,71.7914,reconstructed
2026-04-24,102559340000.0,18.0732,25.2597,32.4695,40.3769,60.6057,74.6216,10.9515,18.2896,25.6922,34.0897,56.2729,71.7888,reconstructed
2026-04-25,102573100000.0,18.0328,25.2187,32.4533,40.3622,60.6081,74.6187,10.9455,18.2809,25.7074,34.1049,56.2968,71.7983,reconstructed
2026-04-26,102586940000.0,18.0333,25.2187,32.4558,40.3637,60.6133,74.628,10.9449,18.2809,25.7067,34.1036,56.3007,71.8074,reconstructed
2026-04-27,102600740000.0,18.031,25.2158,32.4538,40.3608,60.6056,74.6233,10.9438,18.2798,25.7046,34.1005,56.2914,71.8025,reconstructed
2026-04-28,102614600000.0,18.0416,25.1289,32.3847,40.2998,60.6162,74.631,10.9445,18.173,25.6174,34.0249,56.2991,71.8074,reconstructed
2026-04-29,102628440000.0,18.0122,25.1004,32.3655,40.2824,60.5882,74.6234,10.9404,18.1672,25.6211,34.0238,56.2812,71.8075,reconstructed
2026-04-30,102642170000.0,18.0033,25.0923,32.3589,40.2746,60.5632,74.6124,10.939,18.1656,25.6181,34.0188,56.256,71.7972,reconstructed
2026-05-01,102655700000.0,18.0074,25.0967,32.3708,40.2816,60.5734,74.6121,10.939,18.166,25.6256,34.0241,56.264,71.7943,reconstructed
2026-05-02,102669510000.0,18.0168,25.1022,32.3769,40.2865,60.5511,74.578,10.9397,18.1627,25.6223,34.0183,56.233,71.7524,reconstructed
2026-05-03,102683180000.0,18.0467,25.1328,32.4062,40.3169,60.6177,74.6455,10.9428,18.1682,25.6294,34.0323,56.2925,71.8177,reconstructed
2026-05-04,102696970000.0,18.0783,25.1651,32.4369,40.3431,60.6509,74.6576,10.946,18.1741,25.637,34.0356,56.3143,71.8211,reconstructed
2026-05-05,102710860000.0,18.0912,25.179,32.4343,40.3401,60.6321,74.6441,10.9469,18.1767,25.622,34.0212,56.2862,71.8016,reconstructed
2026-05-06,102724590000.0,18.1342,25.2228,32.4786,40.3853,60.6808,74.6805,10.9518,18.1856,25.6347,34.038,56.3184,71.8278,reconstructed
2026-05-07,102738300000.0,18.1033,25.1928,32.468,40.3752,60.6527,74.6643,10.9475,18.1793,25.6467,34.049,56.3012,71.8189,reconstructed
2026-05-08,102751960000.0,18.0921,25.182,32.4443,40.3555,60.6379,74.6799,10.9458,18.1768,25.6264,34.0325,56.2882,71.8387,reconstructed
2026-05-09,102765760000.0,18.0798,25.1717,32.4475,40.3795,60.6252,74.6573,10.944,18.1759,25.6367,34.0652,56.2779,71.8164,reconstructed
2026-05-10,102779470000.0,18.061,25.1646,32.4402,40.373,60.635,74.6815,10.941,18.1842,25.6426,34.0704,56.2973,71.8487,reconstructed
2026-05-11,102793290000.0,18.0924,25.204,32.468,40.4016,60.6652,74.6901,10.9346,18.1897,25.6377,34.0695,56.31,71.8447,reconstructed
2026-05-12,102807140000.0,18.0734,25.2012,32.4641,40.3982,60.6571,74.6723,10.9315,18.2026,25.6482,34.0789,56.3095,71.8305,reconstructed
2026-05-13,102821020000.0,18.0821,25.204,32.4497,40.3843,60.6322,74.6628,10.9205,18.1845,25.6293,34.061,56.28,71.819,reconstructed
2026-05-14,102834650000.0,18.0629,25.1856,32.4678,40.4082,60.6722,74.6711,10.9205,18.1856,25.643,34.0843,56.3206,71.8257,reconstructed
2026-05-15,102848370000.0,18.0604,25.1751,32.4682,40.4095,60.6733,74.6642,10.9101,18.1774,25.6347,34.0779,56.3167,71.8149,reconstructed
2026-05-16,102862130000.0,18.0487,25.1641,32.4569,40.399,60.6581,74.6463,10.908,18.1748,25.6303,34.0736,56.3046,71.7979,reconstructed
2026-05-17,102875990000.0,18.0461,25.1626,32.4555,40.3965,60.6551,74.6427,10.907,18.1745,25.629,34.0711,56.3015,71.7939,reconstructed
2026-05-18,102889720000.0,18.0015,25.1189,32.4212,40.3628,60.6208,74.6123,10.862,18.1297,25.5957,34.0379,56.2662,71.762,reconstructed
2026-05-19,102903560000.0,18.0251,25.1433,32.4312,40.3742,60.6447,74.6268,10.8639,18.1315,25.5974,34.0423,56.2873,71.7746,reconstructed
2026-05-20,102917220000.0,17.9367,25.0537,32.3047,40.2838,60.5772,74.6203,10.7724,18.0376,25.4859,33.9678,56.2298,71.7787,reconstructed
2026-05-21,102930950000.0,17.9095,24.9729,32.137,40.1901,60.6195,74.6745,10.7472,17.9322,25.3202,33.8874,56.2895,71.8479,reconstructed
2026-05-22,102944740000.0,17.902,24.9663,32.1389,40.1881,60.6183,74.6742,10.7446,17.9284,25.3335,33.9005,56.2967,71.853,reconstructed
2026-05-23,102958600000.0,17.8993,25.0148,32.0626,40.1594,60.6471,74.6477,10.744,17.984,25.2283,33.8731,56.3272,71.8236,reconstructed
2026-05-24,102972400000.0,17.8665,24.9831,32.0316,40.1272,60.6614,74.6239,10.7399,17.9778,25.2188,33.8599,56.3578,71.806,reconstructed
2026-05-25,102985930000.0,17.859,24.9762,32.0099,40.1054,60.6724,74.6411,10.7388,17.976,25.1993,33.844,56.3729,71.8273,reconstructed
2026-05-26,102999680000.0,17.872,24.9855,31.9917,40.0842,60.6543,74.6444,10.7399,17.9734,25.1644,33.8109,56.3457,71.8265,reconstructed
2026-05-27,103013590000.0,17.8666,24.9815,32.0027,40.0941,60.658,74.6465,10.7396,17.974,25.175,33.8205,56.3489,71.828,reconstructed
2026-05-28,103027440000.0,17.8886,25.0045,32.025,40.0971,60.6664,74.6681,10.742,17.9786,25.1638,33.8066,56.3483,71.8452,reconstructed
2026-05-29,103041060000.0,17.8832,24.9996,32.0184,40.1057,60.6861,74.6814,10.7412,17.977,25.159,33.8224,56.372,71.8606,reconstructed
2026-05-30,103054730000.0,17.8892,25.0065,32.0249,40.111,60.6788,74.6714,10.7415,17.9782,25.1598,33.8227,56.36,71.8467,reconstructed
2026-05-31,103068540000.0,17.8932,25.0118,32.0225,40.1032,60.6568,74.6434,10.7416,17.9793,25.1527,33.8101,56.333,71.814,reconstructed
2026-06-01,103082160000.0,17.8742,24.9939,32.0054,40.0962,60.6562,74.64,10.7377,17.9737,25.1569,33.8228,56.3459,71.819,reconstructed
2026-06-02,103095900000.0,17.8553,24.9754,31.9885,40.1151,60.6591,74.6554,10.7354,17.9696,25.1704,33.8555,56.3567,71.841,reconstructed
2026-06-03,103109630000.0,17.885,25.0053,32.0111,40.1319,60.6843,74.685,10.7387,17.9748,25.1695,33.8512,56.3699,71.8642,reconstructed
2026-06-04,103123440000.0,17.904,25.0257,32.0422,40.1587,60.6905,74.6782,10.7409,17.9795,25.1849,33.864,56.3656,71.8494,reconstructed
2026-06-05,103137150000.0,17.918,25.0408,32.0593,40.1544,60.6731,74.6811,10.7423,17.9825,25.1909,33.8476,56.3384,71.8485,reconstructed
2026-06-06,103150960000.0,17.9618,25.0856,32.1063,40.1984,60.7138,74.7004,10.7471,17.9911,25.2064,33.8641,56.3618,71.8561,reconstructed
2026-06-07,103164720000.0,17.9548,25.0795,32.1277,40.2052,60.7222,74.6892,10.7461,17.9898,25.234,33.8752,56.3725,71.8447,reconstructed
2026-06-08,103178460000.0,17.9624,25.0882,32.1363,40.2128,60.724,74.6876,10.7468,17.9917,25.2357,33.8766,56.3699,71.8401,reconstructed
2026-06-09,103192160000.0,17.967,25.0938,32.1415,40.2046,60.7224,74.6818,10.7471,17.9927,25.2362,33.8628,56.3652,71.8317,reconstructed
2026-06-10,103205990000.0,17.9587,25.087,32.1516,40.2147,60.723,74.6905,10.7458,17.9916,25.2531,33.879,56.3691,71.8435,reconstructed
2026-06-11,103219820000.0,17.9604,25.0895,32.15,40.212,60.7276,74.6837,10.7458,17.9918,25.2489,33.8739,56.3729,71.8352,reconstructed
2026-06-12,103233570000.0,17.9643,25.0891,32.1491,40.2122,60.72,74.6582,10.7685,18.0081,25.2627,33.8873,56.3722,71.8123,reconstructed
2026-06-13,103247320000.0,17.9677,25.0929,32.1531,40.0682,60.6137,74.6312,10.7686,18.0092,25.2632,33.7095,56.2537,71.7811,reconstructed
2026-06-14,103261120000.0,17.9712,25.0967,32.1438,40.0572,60.6018,74.6081,10.7685,18.0097,25.2501,33.6948,56.2388,71.7544,reconstructed
2026-06-15,103274960000.0,17.9577,25.0836,32.145,40.0678,60.6044,74.6149,10.7666,18.0074,25.261,33.7151,56.2474,71.7656,reconstructed
2026-06-16,103288790000.0,17.9632,25.0631,32.1145,40.0318,60.5475,74.5563,10.7374,17.9788,25.2198,33.6724,56.1823,71.6993,reconstructed
2026-06-17,103302570000.0,17.9863,25.0589,32.1074,40.0268,60.5648,74.5812,10.7246,17.9521,25.1938,33.6509,56.1911,71.7202,reconstructed
2026-06-18,103316190000.0,17.9867,25.0499,32.0998,40.0127,60.4844,74.5327,10.7248,17.9421,25.1831,33.6294,56.1004,71.6654,reconstructed
2026-06-19,103329970000.0,18.0341,25.2828,32.5031,40.4498,60.701,74.6322,10.8427,18.2314,25.6453,34.1099,56.3339,71.7732,reconstructed
2026-06-20,103343850000.0,18.0029,25.0405,32.0708,39.8582,60.4302,74.4899,10.7252,17.9249,25.1197,33.4431,56.0336,71.6133,reconstructed
2026-06-21,103357720000.0,18.0076,25.0453,32.076,39.8598,60.4288,74.4862,10.7254,17.9258,25.1201,33.4401,56.0289,71.6073,reconstructed
2026-06-22,103371430000.0,18.0198,25.0486,32.0692,39.8377,60.3954,74.4551,10.7262,17.9089,25.1031,33.4071,55.9863,71.5692,reconstructed
2026-06-23,103385180000.0,18.0768,25.2843,32.4638,40.3205,60.6634,74.6095,10.8482,18.1914,25.5438,33.9365,56.2722,71.734,reconstructed
2026-06-24,103399090000.0,18.0785,25.282,32.4509,40.312,60.6226,74.5855,10.8518,18.1896,25.5297,33.9273,56.2268,71.7073,reconstructed
2026-06-25,103412860000.0,17.5572,24.8328,32.181,40.147,60.591,74.5946,10.7891,18.2215,25.6769,34.1269,56.4438,71.8796,reconstructed
2026-06-26,103426700000.0,17.5141,24.7523,32.0739,40.0836,60.5514,74.6098,10.774,18.1416,25.5844,34.0798,56.4157,71.9063,reconstructed
2026-06-27,103440460000.0,17.4988,24.7316,32.0503,40.1086,60.5694,74.5975,10.7718,18.1166,25.5759,34.1279,56.4457,71.8996,reconstructed
2026-06-28,103454250000.0,17.5069,24.7407,32.0301,40.1271,60.5897,74.6215,10.7731,18.0961,25.5617,34.1375,56.4606,71.9217,reconstructed
2026-06-29,103468030000.0,17.515,24.7501,32.022,40.1602,60.6599,74.6703,10.7735,18.0977,25.5481,34.1682,56.5345,71.9731,reconstructed
2026-06-30,103481880000.0,17.4978,24.7245,32.0071,40.1467,60.6487,74.6547,10.7616,18.0862,25.5353,34.1565,56.5243,71.9572,reconstructed
2026-07-01,103495650000.0,17.4941,24.722,32.0261,40.2649,60.7621,74.7094,10.7607,18.0853,25.5594,34.2987,56.651,72.0189,reconstructed
2026-07-02,103509430000.0,17.5014,24.731,31.9861,40.2391,60.7309,74.6987,10.7616,18.0881,25.5057,34.2633,56.6124,72.0036,reconstructed
2026-07-03,103523310000.0,17.4772,24.7077,31.9284,40.1937,60.6819,74.6613,10.7579,18.082,25.4655,34.2311,56.5719,71.9712,reconstructed
2026-07-04,103537050000.0,17.4613,24.693,31.9094,40.1949,60.6735,74.6469,10.756,18.079,25.4555,34.2461,56.5693,71.9598,reconstructed
2026-07-05,103550910000.0,17.4345,24.6677,31.8858,40.1709,60.6554,74.6385,10.7528,18.0746,25.449,34.2369,56.5612,71.958,reconstructed
2026-07-06,103564910000.0,17.447,24.6769,31.9166,40.1556,60.6421,74.6267,10.7561,18.0751,25.4427,34.2023,56.5348,71.9373,reconstructed
2026-07-07,103578580000.0,17.4429,24.6744,31.9343,40.1634,60.6531,74.6405,10.7557,18.075,25.4641,34.2127,56.5482,71.9535,reconstructed
2026-07-08,103592430000.0,17.4412,24.6742,31.9375,40.1568,60.6537,74.6378,10.7557,18.0758,25.4661,34.1992,56.5479,71.9499,reconstructed
2026-07-09,103606210000.0,17.4858,24.5077,31.6131,39.9101,60.4941,74.5621,10.6682,17.7896,25.1747,34.0203,56.4272,71.9027,reconstructed
2026-07-10,103620020000.0,17.4431,24.4383,31.3766,39.5283,60.3251,74.4672,10.5807,17.543,24.5905,33.3137,56.0569,71.6799,reconstructed
2026-07-11,103633900000.0,17.4502,24.4238,31.3612,39.5171,60.3096,74.4476,10.5777,17.539,24.5865,33.3112,56.0463,71.6624,reconstructed
2026-07-12,103647720000.0,17.4425,24.3937,31.3494,39.4984,60.2883,74.4336,10.5728,17.5325,24.5973,33.3123,56.037,71.6563,reconstructed
2026-07-13,103661560000.0,17.4435,24.3766,31.3927,39.4828,60.0943,74.2875,10.5687,17.5854,24.6813,33.3118,55.8326,71.502,reconstructed
2026-07-14,103675340000.0,17.4533,24.3874,31.4023,39.4556,60.0817,74.2571,10.5687,17.5868,24.6797,33.2721,55.8129,71.4643,reconstructed
2026-07-15,103689120000.0,17.6967,24.8312,32.0192,40.0919,60.3411,74.3757,10.9049,18.1072,25.369,33.9782,56.0967,71.5931,reconstructed
2026-07-16,103703020000.0,17.6485,24.7478,31.9539,40.0299,60.3096,74.3706,10.8933,18.1115,25.3669,33.9706,56.1028,71.614,reconstructed
2026-07-17,103716820000.0,17.6442,24.7267,31.9318,40.0108,60.2947,74.3547,10.8868,18.1263,25.3786,33.9804,56.1065,71.6097,reconstructed
2026-07-18,103730510000.0,17.6428,24.7823,31.9865,40.0956,60.4571,74.4564,10.8922,18.1363,25.3928,34.0371,56.2582,71.7042,reconstructed
2026-07-19,103744400000.0,17.6696,25.0079,32.4125,40.5797,60.8043,74.6814,11.0219,18.469,25.894,34.5818,56.6471,71.9571,reconstructed
2026-07-20,103758030000.0,17.681,24.9798,32.3834,40.5526,60.7759,74.6807,11.0169,18.4632,25.8849,34.5722,56.6293,71.9653,reconstructed
2026-07-21,103771800000.0,17.6453,24.7702,32.0021,40.0973,60.6121,74.6182,10.8832,18.1913,25.4418,34.0648,56.4504,71.895,reconstructed
2026-07-22,103785680000.0,17.666,24.8105,32.026,40.1123,60.6618,74.6637,10.8844,18.1989,25.4503,34.0654,56.4949,71.9387,reconstructed
2026-07-23,103799480000.0,17.6627,24.8114,32.0261,40.1865,60.6823,74.6773,10.8832,18.1979,25.4643,34.1462,56.5167,71.9531,reconstructed
2026-07-24,103813080000.0,17.6831,24.8287,32.0423,40.2267,60.6775,74.6655,10.8838,18.2013,25.4681,34.1783,56.5026,71.9346,reconstructed
2026-07-25,103826800000.0,17.6835,24.8322,32.0449,40.2168,60.6741,74.6687,10.8828,18.2014,25.4676,34.1644,56.4973,71.937,reconstructed
2026-07-26,103840590000.0,17.6498,24.7718,31.9577,40.1424,60.6161,74.6444,10.8709,18.1844,25.4426,34.1452,56.4753,71.9372,reconstructed
2026-07-27,103854430000.0,17.6045,24.7273,31.917,40.1108,60.6759,74.6695,10.8647,18.1759,25.4299,34.1389,56.5603,71.9772,reconstructed
2026-07-28,103868310000.0,17.5945,24.7178,31.8831,40.0298,60.5988,74.6105,10.8238,18.1091,25.4931,34.2106,56.6331,72.0139,reconstructed
2026-07-29,103882010000.0,17.5849,24.6897,31.8525,40.0227,60.5847,74.6016,10.8146,18.0726,25.4504,34.1879,56.6062,72.0072,reconstructed
2026-07-30,103895830000.0,17.59,24.6958,31.8576,40.0448,60.5706,74.6061,10.8139,18.0736,25.4509,34.209,56.5876,72.0103,reconstructed
2026-07-31,103909570000.0,17.5556,24.6806,31.8432,40.0185,60.5524,74.5906,10.8085,18.0886,25.4578,34.2055,56.5835,72.0035,reconstructed
2026-08-01,103923180000.0,17.5549,24.6999,31.8615,40.024,60.5285,74.5936,10.8261,18.1267,25.4935,34.2222,56.5661,72.0126,reconstructed
2026-08-02,103936980000.0,17.5666,24.6938,31.8304,40.0057,60.524,74.6073,10.8262,18.083,25.4514,34.1927,56.555,72.0239,reconstructed
2026-08-03,103950750000.0,17.5017,24.6503,31.786,39.9998,60.5195,74.6103,10.8171,18.0925,25.4596,34.2325,56.5808,72.0469,reconstructed
2026-08-04,103964490000.0,17.5831,24.6171,31.6659,39.9166,60.5628,74.6359,10.8823,17.9962,25.2991,34.1269,56.6167,72.0673,reconstructed
2026-08-05,103978290000.0,17.586,24.5986,31.6485,39.8871,60.4819,74.6011,10.8814,17.972,25.2764,34.0872,56.5255,72.0278,reconstructed
2026-08-06,103992160000.0,17.6034,24.6144,31.6742,39.9694,60.6133,74.6792,10.901,17.99,25.3053,34.1848,56.6708,72.1139,reconstructed
2026-08-07,104005970000.0,17.6215,24.7274,31.7881,40.0929,60.7336,74.7637,10.919,18.0972,25.4151,34.3072,56.7944,72.201,reconstructed
2026-08-08,104019680000.0,17.6407,24.7409,31.8026,40.1675,60.8282,74.8072,10.92,18.0936,25.4143,34.3824,56.8889,72.2423,reconstructed
2026-08-09,104033520000.0,17.6464,24.7649,31.8257,40.1082,60.8175,74.8352,10.9336,18.1267,25.4439,34.3148,56.8809,72.2757,reconstructed
2026-08-10,104047390000.0,17.6414,24.7493,31.8171,40.0876,60.7944,74.8167,10.9316,18.1129,25.4374,34.2947,56.8572,72.2565,reconstructed
2026-08-11,104061240000.0,17.6298,24.7463,31.8224,40.1029,60.808,74.8402,10.9289,18.119,25.452,34.3192,56.8773,72.2856,reconstructed
2026-08-12,104075090000.0,17.6268,24.7424,31.8357,40.1243,60.8007,74.8212,10.9272,18.1162,25.4673,34.3492,56.8699,72.2652,reconstructed
2026-08-13,104088970000.0,17.6271,24.7601,31.8406,40.1083,60.7559,74.82,10.9259,18.1343,25.4714,34.3304,56.8198,72.2639,reconstructed
2026-08-14,104102790000.0,17.6281,24.7601,31.8419,40.1053,60.7545,74.8265,10.9247,18.1323,25.471,34.3256,56.8174,72.2704,reconstructed
2026-08-15,104116560000.0,17.596,24.7472,31.8094,40.0711,60.6653,74.786,10.9212,18.1474,25.4632,34.3152,56.7421,72.2459,reconstructed
2026-08-16,104130510000.0,17.6003,24.7458,31.8397,40.1426,60.7249,74.8241,10.9187,18.1381,25.494,34.3851,56.7968,72.2756,reconstructed
2026-08-17,104144390000.0,17.5781,24.7416,31.8362,40.1342,60.7021,74.8168,10.921,18.1628,25.5214,34.4036,56.7993,72.275,reconstructed
2026-08-18,104158040000.0,17.5643,24.7526,31.8498,40.2022,60.7431,74.8046,10.9118,18.1758,25.536,34.4681,56.8329,72.2645,reconstructed
2026-08-19,104171870000.0,17.4388,24.7065,31.8125,40.2504,60.562,74.6888,10.9866,18.2579,25.634,34.6276,56.7029,72.1825,reconstructed
2026-08-20,104185810000.0,17.6081,24.87,31.9614,40.4484,60.8018,74.8209,11.0735,18.3466,25.7094,34.7799,56.9186,72.2966,reconstructed
2026-08-21,104199670000.0,17.6065,24.8675,31.9604,40.5121,60.8386,74.8308,11.034,18.3093,25.6792,34.8237,56.9404,72.296,reconstructed
2026-08-22,104213360000.0,17.6341,24.894,32.0544,40.5251,60.8087,74.8279,11.0385,18.3175,25.7697,34.8205,56.9121,72.292,reconstructed
2026-08-23,104227330000.0,17.611,24.87,31.9582,40.3974,60.7567,74.8222,11.0389,18.3151,25.6861,34.7001,56.8704,72.2925,reconstructed
2026-08-24,104241140000.0,17.6165,24.8753,31.964,40.4113,60.7796,74.8302,11.0251,18.2998,25.6699,34.6911,56.8672,72.2897,reconstructed
2026-08-25,104254810000.0,17.6087,24.8658,32.037,40.5395,60.8862,74.9061,10.9841,18.2585,25.7442,34.809,56.968,72.3632,reconstructed
2026-08-26,104268670000.0,17.6117,24.8678,32.0257,40.5239,60.8773,74.8918,10.9831,18.2665,25.7312,34.7887,56.9562,72.3463,reconstructed
2026-08-27,104282450000.0,17.6197,24.8748,32.0333,40.5387,60.8733,74.9028,11.0176,18.2979,25.7679,34.824,56.9636,72.3666,reconstructed
2026-08-28,104296360000.0,17.587,24.8662,32.0271,40.5717,60.9068,74.9312,10.9887,18.2845,25.7648,34.8555,56.9989,72.3958,reconstructed
2026-08-29,104310080000.0,17.5865,24.8642,32.0254,40.5877,60.8852,74.9137,10.9902,18.2842,25.7653,34.8748,56.9761,72.3772,reconstructed
2026-08-30,104323980000.0,17.5901,24.8673,32.0288,40.5895,60.8728,74.8994,10.9998,18.2924,25.7731,34.8806,56.9642,72.3632,reconstructed
2026-08-31,104337640000.0,17.665,25.0437,32.2182,40.7059,60.9314,74.925,11.0118,18.4595,25.9265,34.9551,56.9941,72.3693,reconstructed
2026-09-01,104351470000.0,17.6609,25.0381,32.2009,40.6857,60.9041,74.8825,11.0479,18.4905,25.9412,34.9624,56.9837,72.3352,reconstructed
2026-09-02,104365330000.0,17.6458,25.022,32.1783,40.6742,60.8924,74.8855,11.0455,18.4859,25.927,34.9604,56.9778,72.3429,reconstructed
2026-09-03,104379130000.0,17.6482,25.0234,32.1793,40.6738,60.8892,74.8823,11.0561,18.4948,25.9203,34.9659,56.9783,72.342,reconstructed
2026-09-04,104393000000.0,17.6509,25.0204,32.1768,40.6708,60.9059,74.8974,11.0484,18.4817,25.9086,34.9549,56.9917,72.3556,reconstructed
2026-09-05,104406850000.0,17.648,25.0165,32.173,40.6652,60.8967,74.8899,11.0467,18.4789,25.9058,34.95,56.983,72.3479,reconstructed
2026-09-06,104420590000.0,17.6228,24.9855,32.1427,40.6359,60.8659,74.8827,11.0328,18.4576,25.8841,34.9279,56.9564,72.3443,reconstructed
2026-09-07,104434400000.0,17.6206,24.9824,32.1464,40.6561,60.8921,74.886,11.0223,18.4467,25.8855,34.947,56.9823,72.3454,reconstructed
2026-09-08,104448200000.0,17.616,24.9768,32.1413,40.6517,60.874,74.8774,11.0044,18.4289,25.8693,34.9329,56.9561,72.3319,reconstructed
2026-09-09,104461960000.0,17.6229,25.0357,32.3368,40.7715,60.9397,74.9102,11.0072,18.531,26.0813,35.0592,57.0252,72.3666,reconstructed
2026-09-10,104475810000.0,17.5893,25.0001,32.3003,40.7397,60.9148,74.9075,11.0018,18.5208,26.0704,35.0499,57.014,72.3736,reconstructed
2026-09-11,104489380000.0,17.6132,25.0206,32.3198,40.7594,60.9303,74.9002,11.0068,18.5237,26.0711,35.0561,57.0208,72.3592,reconstructed
2026-09-12,104503190000.0,17.616,25.0225,32.316,40.7483,60.9404,74.926,11.0058,18.5223,26.0638,35.041,57.0305,72.3865,reconstructed
2026-09-13,104517040000.0,17.6091,25.0159,32.2941,40.7302,60.9395,74.8986,10.9987,18.5154,26.0508,35.0268,57.0299,72.3564,reconstructed
2026-09-14,104530850000.0,17.6081,25.0148,32.292,40.7123,60.925,74.9012,11.0064,18.5259,26.063,35.0247,57.0395,72.3665,reconstructed
2026-09-15,104544660000.0,16.9876,24.3941,31.751,40.1953,60.5301,74.6507,10.9728,18.4384,26.0089,34.9414,56.9158,72.2908,reconstructed
2026-09-16,104558470000.0,16.829,24.2363,31.5874,40.0361,60.4457,74.6041,10.977,18.4245,25.9802,34.9011,56.9024,72.2906,reconstructed
2026-09-17,104572310000.0,16.6843,24.1025,31.624,40.0536,60.4339,74.59,10.9555,18.4662,26.1385,35.0192,56.9424,72.3088,reconstructed
2026-09-18,104586140000.0,16.6112,24.0308,31.5529,40.0071,60.4176,74.5676,10.9569,18.4607,26.1251,35.0312,56.973,72.3153,reconstructed
2026-09-19,104599940000.0,16.4929,24.0562,31.5774,39.9986,60.3254,74.5094,11.0649,18.6278,26.2781,35.1245,56.9465,72.3,reconstructed
2026-09-20,104613730000.0,16.3173,23.8814,31.4016,39.8202,60.2473,74.4664,11.0428,18.5923,26.2273,35.0628,56.9424,72.3055,reconstructed
2026-09-21,104627560000.0,16.2742,23.8359,31.3194,39.7145,60.1886,74.436,11.0466,18.5829,26.15,34.9648,56.898,72.2946,reconstructed
2026-09-22,104641420000.0,16.3159,23.8767,31.3569,39.7504,60.2013,74.4379,11.0918,18.6273,26.1907,35.004,56.912,72.2966,reconstructed
2026-09-23,104655060000.0,16.0981,23.6595,31.1415,39.5905,60.0206,74.3669,11.1458,18.6574,26.2077,35.0343,56.8569,72.3107,reconstructed
2026-09-24,104668870000.0,16.0697,23.6317,31.1142,39.5754,59.9891,74.3412,11.1425,18.6538,26.2171,35.0423,56.844,72.302,reconstructed
2026-09-25,104682590000.0,16.0837,23.6466,31.1291,39.5953,59.9974,74.3391,11.1904,18.6935,26.2658,35.0839,56.8612,72.2997,reconstructed
2026-09-26,104696410000.0,16.0791,23.6426,31.1386,39.5748,59.9861,74.3563,11.2049,18.7072,26.2798,35.0761,56.8588,72.3246,reconstructed
2026-09-27,104710200000.0,15.8527,23.417,30.9699,39.4518,59.9374,74.3245,11.3954,18.8641,26.476,35.2767,57.031,72.4349,reconstructed
2026-09-28,104724000000.0,15.7609,23.3261,30.8717,39.3344,59.844,74.2524,11.4197,18.8791,26.4726,35.2352,56.9903,72.3961,reconstructed
2026-09-29,104737890000.0,15.7606,23.3266,30.8743,39.324,59.8384,74.2484,11.4249,18.8848,26.4801,35.2282,56.9872,72.3938,reconstructed
2026-09-30,104751550000.0,15.7518,23.3194,30.8613,39.3072,59.8261,74.2535,11.4207,18.881,26.4687,35.2111,56.9708,72.4023,reconstructed
2026-10-01,104765310000.0,15.748,23.3158,30.8615,39.3021,59.829,74.2494,11.4236,18.8836,26.475,35.2112,56.9781,72.4012,reconstructed
2026-10-02,104779120000.0,15.7354,23.304,30.8487,39.2698,59.7859,74.2317,11.4235,18.8818,26.4696,35.182,56.9299,72.375,reconstructed
2026-10-03,104792980000.0,15.7152,23.2844,30.8376,39.2558,59.7691,74.2092,11.4198,18.8791,26.476,35.1852,56.9302,72.3682,reconstructed
2026-10-04,104806850000.0,15.7131,23.2827,30.8101,39.2273,59.763,74.2139,11.4197,18.8797,26.4492,35.1637,56.9274,72.3724,reconstructed
2026-10-05,104812920000.0,15.7104,23.2797,30.8095,39.2224,59.7635,74.2155,11.4161,18.8738,26.444,35.1521,56.9156,72.3639,live
2026-10-06,104826610000.0,15.6774,23.2473,30.7591,39.1726,59.7184,74.1723,11.382,18.8403,26.3911,35.0998,56.8679,72.318,live
